Result,Number of Loan,amount_requested,birth_date,residence_rent_or_own,monthly_rent_amount,bank_account_direct_deposit,application_when,loan_duration,payment_ach,num_payments,payment_amount,amount_approved,duration_approved,payment_amount_approved,address_zip,email_duration_1year,email_duration_4month,residence_duration_3year,residence_duration_1year,residence_duration_7mon,bank_account_duration_3year,bank_account_duration_1year,bank_account_duration_7month,payment_frequency_Month,payment_frequency_SemiMonth,payment_frequency_biWeek,Phone_home,how_use_money,monthly_income_amount,raw_l2c_score,raw_FICO_telecom,raw_FICO_retail,raw_FICO_bank_card,raw_FICO_money,Minimum
0,1,500,30312,1,1265,1,40478.59184,6,1,13,77.39,500,6,0,84095,1,0,0,0,0,0,1,0,0,0,1,0,Other,4160,586,527,525,637,592,525
0,1,400,17662,0,1175,1,40478.79919,4,1,8,86.79,400,4,0,84319,1,0,1,0,0,1,0,0,0,0,1,0,Other,5326,564,526,547,677,598,526
0,1,500,32598,0,0,1,40479.32663,6,1,12,84.03,500,6,0,84118,1,0,1,0,0,0,0,0,0,1,0,1,Other,2200,663,501,501,623,531,501
1,1,500,33471,1,0,1,40467.58756,3,1,6,138.48,500,3,0,84118,1,0,0,0,0,0,0,0,0,1,0,0,Other,1560,614,574,600,656,561,561
0,1,500,33078,1,0,0,40468.54297,6,1,13,77.39,500,6,0,84062,1,0,1,0,0,1,0,0,0,0,1,0,Other,900,708,501,550,651,563,501
1,1,400,29477,1,620,1,40468.82817,6,1,13,61.91,400,6,0,84119,1,0,0,0,1,0,1,0,0,0,1,0,Other,1434,687,522,561,661,598,522
1,1,500,29380,1,190,1,40481.49573,6,1,13,77.39,500,6,0,84321,1,0,0,0,1,0,1,0,0,0,1,0,Other,1200,712,585,663,711,603,585
0,1,700,22722,1,750,1,40486.9409,5,1,10,129.04,700,5,115.62,84123,0,1,1,0,0,0,1,0,0,0,1,0,Other,5260,645,556,556,669,604,556
1,1,800,22336,0,891,1,40492.97941,5,1,5,193.91,500,5,171.47,84062,1,0,1,0,0,1,0,0,1,0,0,0,Other,1500,600,622,659,698,656,600
1,1,500,22071,0,1172,1,40497.71874,5,1,5,109.18,500,5,109.18,84404,1,0,1,0,0,0,1,0,1,0,0,1,Other,4191,766,618,623,680,631,618
0,1,500,23345,1,550,0,40498.64907,5,1,10,92.17,500,5,82.58,84404,1,0,1,0,0,0,1,0,0,0,1,0,Other,1200,765,533,542,654,560,533
0,1,500,21372,0,0,1,40504.32238,6,1,26,38.26,500,6,33.49,84092,1,0,1,0,0,1,0,0,0,0,0,0,Other,2000,638,558,605,680,617,558
0,1,500,25828,0,0,1,40504.37411,6,1,13,77.39,500,6,67.57,84093,1,0,1,0,0,0,0,0,0,0,1,1,Other,3000,612,527,515,656,583,515
0,1,400,20488,0,1431,1,40548.4264,5,1,10,73.74,400,5,66.07,84047,1,0,1,0,0,1,0,0,0,0,1,0,Other,4236,538,577,597,680,628,538
0,1,800,19347,1,715,1,40505.20324,6,1,6,171.75,500,6,149.24,84047,1,0,1,0,0,1,0,0,1,0,0,0,Other,2044,621,501,501,597,580,501
1,1,500,29727,0,0,1,40515.7158,5,1,10,92.17,500,5,82.58,84120,0,1,1,0,0,0,0,0,0,0,1,1,Other,3152,577,501,525,632,564,501
1,1,800,29587,1,200,1,40516.5747,6,1,12,134.45,800,6,117.34,84088,1,0,1,0,0,1,0,0,0,1,0,0,Other,2200,734,544,556,680,589,544
0,1,800,30043,0,0,0,40519.45446,6,1,13,123.82,800,6,108.12,84501,1,0,1,0,0,1,0,0,0,0,1,0,Other,1100,719,621,692,731,618,618
1,1,500,24850,1,750,1,40529.29579,5,1,10,92.17,500,5,82.58,84107,1,0,0,0,0,1,0,0,0,0,1,0,Other,960,754,529,519,649,595,519
0,1,800,24780,0,1350,1,40530.38558,6,1,13,123.82,800,6,108.12,84074,0,1,1,0,0,1,0,0,0,0,1,0,Other,3000,602,624,645,681,641,602
0,1,300,17210,0,888,0,40530.45006,5,1,5,116.34,300,5,102.88,84041,1,0,1,0,0,1,0,0,1,0,0,0,Other,1224,522,593,592,680,620,522
0,1,400,16300,1,550,1,40530.77034,5,1,5,155.12,400,5,137.17,84119,1,0,0,1,0,0,1,0,1,0,0,0,Other,2394,580,575,551,680,612,551
0,1,800,28741,1,800,1,40531.32647,8,1,13,77.39,500,6,67.57,84118,1,0,1,0,0,0,0,0,0,0,1,0,Other,6000,654,517,526,664,570,517
1,1,800,28054,1,1075,1,40531.70016,8,1,13,77.39,500,6,67.57,84043,1,0,0,0,1,1,0,0,0,0,1,1,Other,3450,297,610,654,693,629,297
0,1,500,22062,0,1143,1,40548.42339,5,1,21,44.01,500,5,39.37,84655,1,0,1,0,0,1,0,0,0,0,0,0,Other,3656,586,580,569,680,627,569
1,1,500,24329,1,400,1,40516.8047,5,1,10,92.17,500,5,82.58,84084,1,0,0,0,0,1,0,0,0,0,1,0,Other,1600,716,546,540,657,590,540
0,1,700,25004,1,635,1,40518.7856,8,1,17,92.64,700,8,78.37,84120,1,0,0,0,1,1,0,0,0,0,1,0,Other,1514,713,522,548,622,607,522
0,1,800,21082,0,600,1,40532.3577,8,1,13,77.39,500,6,67.57,84065,1,0,1,0,0,0,1,0,0,0,1,1,Other,1500,574,557,582,680,617,557
1,1,500,30204,1,900,1,40532.37244,5,1,10,94.7,500,5,84.18,84065,1,0,0,1,0,0,1,0,0,1,0,0,Other,6338,583,558,608,672,605,558
1,1,500,16604,0,1714,0,40532.40454,4,1,4,227.67,500,4,205.06,84121,1,0,1,0,0,1,0,0,1,0,0,0,Other,10000,536,627,660,705,662,536
0,1,500,28013,0,785,0,40469.29514,4,1,8,108.48,500,4,0,84405,1,0,1,0,0,0,0,1,0,0,1,0,Other,1600,616,560,552,634,591,552
1,1,300,29190,1,700,1,40470.45741,4,1,8,65.09,300,4,0,84404,1,0,1,0,0,0,0,0,0,0,1,1,Other,1360,681,603,654,659,636,603
0,1,400,28268,0,1600,1,40472.8902,4,1,4,107.61,400,4,0,84020,1,0,0,1,0,0,1,0,1,0,0,0,Other,4900,716,573,571,680,620,571
1,1,300,21921,1,865,1,40474.82799,4,1,4,136.6,300,4,0,84404,1,0,1,0,0,0,1,0,1,0,0,0,Other,3200,486,580,627,659,627,486
0,1,500,21840,1,1000,1,40475.67058,2,1,4,129.35,500,2,0,84020,1,0,0,0,0,0,0,0,0,0,1,0,Other,2200,530,537,508,551,583,508
0,1,400,22391,1,169,1,40477.47422,4,1,4,182.14,400,4,164.04,84116,1,0,1,0,0,0,1,0,1,0,0,1,Other,1200,645,532,560,680,594,532
0,1,500,33877,1,720,1,40479.78536,4,1,17,51.17,500,4,0,84015,1,0,0,0,0,0,0,0,0,0,0,0,Other,2400,523,501,501,501,501,501
0,1,400,31148,1,0,0,40482.87503,4,1,17,40.93,400,4,0,84070,0,1,1,0,0,0,0,0,0,0,0,0,Other,1920,765,654,675,728,625,625
0,1,250,32055,1,860,0,40482.90498,4,1,8,54.24,250,4,0,84119,1,0,0,1,0,0,0,0,0,0,1,1,Other,1200,252,501,535,628,544,252
0,1,500,29924,1,750,1,40483.48606,6,1,13,77.39,500,6,0,84010,1,0,1,0,0,1,0,0,0,0,1,0,Other,9000,537,592,644,667,630,537
0,1,500,30100,1,650,1,40483.7434,6,1,13,77.39,500,6,0,84124,1,0,0,0,0,0,0,0,0,0,1,0,Other,600,645,501,501,649,557,501
0,1,500,26797,1,635,1,40483.79757,6,1,26,38.26,500,6,0,84501,1,0,1,0,0,1,0,0,0,0,0,1,Other,3600,557,525,538,648,599,525
0,1,400,32300,1,300,1,40483.41626,6,1,12,67.22,400,6,0,84720,1,0,0,0,0,1,0,0,0,1,0,0,Other,1160,734,614,642,693,583,583
1,1,800,28466,1,889,1,40484.84515,6,1,12,84.03,500,6,73.34,84015,1,0,1,0,0,1,0,0,0,1,0,0,Other,2580,602,559,606,652,606,559
0,1,300,29311,1,0,1,40485.33593,6,1,13,46.43,300,6,40.54,84401,1,0,1,0,0,0,0,0,0,0,1,1,Other,429,616,501,555,622,587,501
1,1,500,29670,1,650,1,40485.70711,6,1,12,84.03,500,6,73.34,84103,1,0,0,1,0,1,0,0,0,1,0,0,Other,4500,716,524,540,664,580,524
0,1,800,27896,0,0,1,40486.42354,7,1,15,113.56,800,7,97.56,84088,1,0,0,1,0,1,0,0,0,0,1,0,Other,1200,733,518,550,614,575,518
0,1,500,21639,1,1100,1,40486.43395,5,1,5,193.91,500,5,171.47,84103,1,0,0,1,0,1,0,0,1,0,0,1,Other,3007,771,570,560,680,611,560
0,1,500,24903,1,0,1,40488.02258,5,1,10,94.7,500,5,84.18,84003,1,0,0,0,1,0,0,0,0,1,0,0,Other,2400,544,611,609,680,617,544
0,1,500,27526,1,0,1,40488.23308,5,1,10,92.17,500,5,82.58,84095,0,1,0,0,0,0,0,0,0,0,1,0,Other,1200,638,534,549,618,560,534
0,1,500,27333,1,89,1,40488.97905,5,1,10,92.17,500,5,82.58,84067,1,0,0,0,1,1,0,0,0,0,1,1,Other,1120,762,543,563,639,598,543
1,1,500,17218,1,800,1,40490.54728,5,1,5,193.91,500,5,171.47,84120,1,0,1,0,0,1,0,0,1,0,0,1,Other,2100,661,535,576,676,593,535
0,1,800,25702,1,800,1,40555.868,8,1,17,105.88,800,8,89.57,84115,1,0,1,0,0,1,0,0,0,0,1,1,Other,1920,568,533,564,663,599,533
0,1,600,24714,1,220,1,40492.62737,5,1,10,110.61,600,5,99.1,84532,1,0,1,0,0,1,0,0,0,0,1,1,Other,4000,765,542,580,671,620,542
1,1,300,22062,0,1143,1,40492.64975,3,1,13,37.73,300,3,35.05,84655,1,0,1,0,0,0,0,0,0,0,0,1,Other,3652,586,580,569,680,627,569
1,1,500,31615,1,0,1,40495.56735,5,1,10,92.17,500,5,82.58,84057,1,0,0,1,0,0,0,0,0,0,1,0,Other,2400,541,531,547,680,582,531
0,1,500,29080,1,129,1,40495.62391,5,1,5,193.91,500,5,171.47,84088,1,0,1,0,0,1,0,0,1,0,0,0,Other,1718,734,543,570,654,598,543
1,1,700,17218,1,800,1,40495.85559,5,1,5,193.91,500,5,171.47,84120,1,0,1,0,0,1,0,0,1,0,0,1,Other,2100,661,535,576,676,593,535
0,1,600,32816,1,0,0,40497.66693,8,1,12,84.03,500,6,73.34,84095,1,0,0,1,0,0,0,0,0,1,0,0,Other,960,642,502,503,648,534,502
0,1,400,29642,1,400,1,40497.71837,5,1,21,35.21,400,5,31.5,84118,1,0,0,0,1,0,0,0,0,0,0,1,Other,1400,581,507,535,614,586,507
1,1,500,19797,0,960,1,40497.78324,5,1,5,193.91,500,5,171.47,84041,1,0,1,0,0,0,0,1,1,0,0,1,Other,3400,591,607,612,680,640,591
1,1,500,25537,0,1100,1,40498.83098,5,1,10,92.17,500,5,82.58,84040,1,0,1,0,0,1,0,0,0,0,1,0,Other,4000,765,624,659,700,641,624
0,1,800,29270,1,700,1,40486.39119,8,1,13,77.39,500,6,67.57,84123,1,0,0,0,1,1,0,0,0,0,1,0,Other,4200,530,573,600,596,600,530
0,1,500,29228,1,871,1,40500.30546,5,1,10,92.17,500,5,82.58,84096,1,0,0,0,0,0,1,0,0,0,1,0,Other,2040,716,540,553,650,612,540
0,1,500,25160,1,700,1,40501.56578,5,1,10,92.17,500,5,82.58,84721,1,0,0,0,0,0,0,0,0,0,1,0,Other,1600,544,574,584,671,612,544
0,1,800,33226,1,0,1,40500.95141,8,1,12,84.03,500,6,73.34,84037,1,0,1,0,0,1,0,0,0,1,0,0,Other,2000,768,648,649,713,594,594
1,1,300,22627,0,1100,1,40501.763,5,1,10,56.82,300,5,50.51,84115,1,0,1,0,0,1,0,0,0,1,0,0,Other,3990,601,630,657,705,651,601
0,1,500,25855,0,0,1,40503.182,5,1,21,44.01,500,5,39.37,84655,1,0,0,0,0,0,0,0,0,0,0,0,Other,1200,716,514,532,647,566,514
0,1,800,26797,1,635,1,40503.64207,6,1,26,61.22,800,6,53.58,84501,1,0,1,0,0,1,0,0,0,0,0,0,Other,3000,719,525,538,648,599,525
0,1,500,20740,1,180,1,40504.00358,5,1,10,92.17,500,5,82.58,84302,1,0,1,0,0,0,0,0,0,0,1,0,Other,1952,550,572,599,648,607,550
1,1,500,24356,0,1508,1,40504.28844,5,1,10,92.17,500,5,82.58,84093,1,0,1,0,0,1,0,0,0,0,1,0,Other,5600,603,564,564,680,618,564
0,1,800,18275,0,0,1,40504.37459,8,1,13,77.39,500,6,67.57,84014,1,0,1,0,0,1,0,0,0,0,1,0,Other,1934,547,565,597,680,596,547
0,1,500,21432,1,1065,1,40505.63833,5,1,10,92.17,500,5,82.58,84088,1,0,1,0,0,0,0,0,0,0,1,0,Other,3066,589,535,535,648,604,535
0,1,300,30946,1,500,0,40524.43826,8,1,12,50.42,300,6,44,84119,1,0,0,1,0,0,1,0,0,1,0,1,Other,2200,759,531,579,608,559,531
0,1,500,25059,1,850,1,40524.61742,5,1,10,92.17,500,5,82.58,84118,1,0,1,0,0,1,0,0,0,0,1,0,Other,1900,639,534,607,608,558,534
0,1,500,25285,1,900,1,40525.30625,5,1,10,92.17,500,5,82.58,84075,1,0,1,0,0,1,0,0,0,0,1,1,Other,3400,602,603,643,671,606,602
0,1,500,28316,1,0,1,40525.53306,5,1,21,44.01,500,5,39.37,84065,1,0,0,1,0,0,0,0,0,0,0,0,Other,1200,664,509,517,564,588,509
0,1,800,25851,0,1400,1,40525.62117,5,1,10,147.47,800,5,132.13,84074,1,0,1,0,0,1,0,0,0,0,1,0,Other,3100,678,569,585,680,631,569
1,1,500,28318,1,150,1,40506.67819,5,1,5,193.91,500,5,171.47,84128,1,0,0,1,0,0,0,0,1,0,0,1,Other,2351,763,526,544,660,561,526
1,1,800,26524,1,500,1,40526.65035,8,1,17,105.88,800,8,89.57,84117,1,0,1,0,0,1,0,0,0,0,1,0,Other,3780,765,632,650,705,627,627
0,1,800,27939,1,1000,1,40526.88182,3,1,13,62.88,500,3,58.41,84321,1,0,0,1,0,0,1,0,0,0,0,0,Other,1880,521,586,636,678,609,521
0,1,500,22508,1,585,1,40528.35313,5,1,21,44.01,500,5,39.37,84321,1,0,0,0,1,0,0,1,0,0,0,0,Other,2200,763,540,565,673,599,540
0,1,800,27759,1,200,1,40528.53007,8,1,12,84.03,500,6,73.34,84119,1,0,1,0,0,0,1,0,0,1,0,0,Other,2550,663,508,501,641,583,501
1,1,500,21494,0,1050,0,40528.79859,5,1,10,92.17,500,5,82.58,84074,1,0,1,0,0,1,0,0,0,0,1,1,Other,2720,567,546,555,680,594,546
0,1,800,32789,1,625,1,40506.88672,8,1,13,77.39,500,6,67.57,84105,1,0,0,0,1,1,0,0,0,0,1,0,Other,1400,716,501,536,618,543,501
1,1,300,29128,1,600,1,40532.43073,7,1,12,50.42,300,6,44,84118,0,1,1,0,0,0,0,1,0,1,0,0,Other,1470,645,529,569,665,586,529
1,1,300,11393,0,0,1,40532.44976,5,1,5,116.34,300,5,102.88,84120,1,0,1,0,0,0,1,0,1,0,0,1,Other,1327,621,587,607,680,636,587
0,1,500,25359,1,600,1,40532.47267,5,1,10,92.17,500,5,82.58,84037,0,1,0,1,0,0,0,1,0,0,1,0,Other,3500,716,515,544,584,575,515
1,1,500,27479,0,1142,1,40532.49542,5,1,21,44.01,500,5,39.37,84660,1,0,0,1,0,1,0,0,0,0,0,0,Other,2400,681,610,661,656,633,610
0,1,800,23696,1,0,0,40532.65727,5,1,10,94.7,500,5,84.18,84047,1,0,1,0,0,0,0,0,0,1,0,0,Other,1800,536,529,543,607,608,529
0,1,500,21140,1,0,0,40508.30962,5,1,10,92.17,500,5,82.58,84096,1,0,1,0,0,0,0,0,0,0,1,0,Other,900,541,535,579,680,608,535
0,1,400,25643,1,500,0,40548.70293,8,1,8,115.88,400,8,97.47,84123,1,0,1,0,0,0,1,0,1,0,0,0,Other,3100,425,612,656,714,622,425
0,1,800,22927,0,1900,1,40556.88162,5,1,10,147.47,800,5,132.13,84097,1,0,1,0,0,1,0,0,0,0,1,0,Other,3982,641,626,674,734,611,611
1,1,700,31118,1,0,1,40556.98294,3,1,6,190.4,700,3,177.05,84020,1,0,1,0,0,1,0,0,0,0,1,1,Other,3952,639,583,631,700,616,583
0,1,800,26857,1,0,1,40557.38855,8,1,6,171.75,500,6,149.24,84119,1,0,1,0,0,1,0,0,1,0,0,0,Other,2600,545,552,592,677,613,545
0,1,500,28360,1,0,0,40557.42778,8,1,6,171.75,500,6,149.24,84005,1,0,0,1,0,0,0,0,1,0,0,0,Other,300,539,587,642,690,602,539
0,1,800,24778,1,400,1,40509.26432,5,1,21,44.01,500,5,39.37,84096,1,0,0,0,0,1,0,0,0,0,0,0,Other,2240,544,586,596,664,592,544
0,1,800,28575,1,200,1,40499.67757,7,1,15,113.56,800,7,97.56,84098,1,0,1,0,0,0,1,0,0,0,1,0,Other,3376,808,528,550,680,601,528
0,1,800,25983,1,400,0,40508.40231,5,1,21,44.01,500,5,39.37,84526,0,1,1,0,0,0,0,0,0,0,0,0,Other,2000,745,501,548,644,558,501
0,1,500,25084,1,750,1,40509.93024,5,1,21,44.01,500,5,39.37,84120,1,0,0,0,1,0,1,0,0,0,0,0,Other,4000,716,507,520,660,557,507
0,1,500,28705,1,650,0,40511.19645,5,1,10,92.17,500,5,82.58,84104,1,0,1,0,0,0,0,0,0,0,1,0,Other,1400,763,522,535,647,576,522
1,1,400,28863,1,0,1,40511.34578,8,1,13,61.91,400,6,54.06,84067,1,0,1,0,0,1,0,0,0,0,1,0,Other,1200,546,559,616,643,601,546
0,1,800,30541,1,700,0,40511.47405,3,1,6,221.57,800,3,204.9,84020,1,0,1,0,0,0,1,0,0,1,0,0,Other,2700,660,549,565,663,585,549
0,1,700,18717,1,350,1,40548.32706,5,1,10,92.17,500,5,82.58,84119,1,0,1,0,0,1,0,0,0,0,1,0,Other,1954,586,524,546,664,564,524
1,1,800,24568,1,530,1,40512.6069,3,1,3,284.69,500,3,261.37,84128,0,1,0,0,0,0,0,0,1,0,0,0,Other,900,732,516,557,656,583,516
1,1,300,21082,0,600,1,40513.39806,5,1,10,55.3,300,5,49.55,84066,1,0,1,0,0,0,1,0,0,0,1,0,Other,1400,574,560,581,680,616,560
0,1,500,28772,1,475,0,40512.92014,5,1,21,44.01,500,5,39.37,84118,1,0,1,0,0,0,0,1,0,0,0,1,Other,2400,541,510,539,630,589,510
0,1,800,19857,1,600,1,40514.34772,6,1,13,77.39,500,6,67.57,84660,1,0,1,0,0,1,0,0,0,0,1,0,Other,2042,544,618,657,708,639,544
1,1,500,26888,1,1250,1,40520.78925,5,1,21,44.01,500,5,39.37,84606,1,0,0,1,0,0,1,0,0,0,0,1,Other,6000,663,618,682,703,630,618
0,1,500,26663,0,450,1,40521.40459,5,1,10,94.7,500,5,84.18,84118,1,0,1,0,0,0,1,0,0,1,0,0,Other,2200,661,547,580,676,612,547
1,1,700,29741,1,300,1,40521.41384,8,1,34,45.86,700,8,38.86,84044,1,0,0,1,0,0,1,0,0,0,0,0,Other,1550,733,557,587,656,604,557
0,1,500,27345,1,600,1,40521.54635,5,1,10,92.17,500,5,82.58,84015,1,0,0,1,0,0,0,1,0,0,1,0,Other,2460,530,599,644,673,627,530
0,1,800,25822,0,1000,1,40522.92278,8,1,13,77.39,500,6,67.57,84067,1,0,1,0,0,0,0,1,0,0,1,1,Other,2200,612,679,718,756,618,612
1,1,800,24226,0,1050,1,40523.47997,8,1,16,113.77,800,8,95.96,84067,1,0,1,0,0,1,0,0,0,1,0,0,Other,4800,765,614,655,684,627,614
1,1,800,30773,1,200,1,40523.52027,8,1,13,77.39,500,6,67.57,84044,1,0,0,1,0,0,0,1,0,0,1,1,Other,1800,559,550,635,631,592,550
1,1,500,26009,0,250,1,40523.57427,5,1,5,193.91,500,5,171.47,84404,1,0,1,0,0,0,0,1,1,0,0,1,Other,2102,599,568,588,659,580,568
1,1,600,30545,1,425,1,40523.58211,5,1,10,92.17,500,5,82.58,84123,1,0,0,0,0,1,0,0,0,0,1,0,Other,1800,734,515,501,632,567,501
0,1,800,23055,1,800,1,40523.98,4,1,17,81.87,800,4,74.6,84120,1,0,1,0,0,1,0,0,0,0,0,0,Other,1980,582,561,599,680,633,561
0,1,500,26275,0,676,1,40526.34916,5,1,10,92.17,500,5,82.58,84414,1,0,1,0,0,0,0,0,0,0,1,0,Other,2392,780,559,540,660,581,540
0,1,800,23596,0,1216,1,40526.50468,5,1,5,193.91,500,5,171.47,84414,1,0,1,0,0,1,0,0,1,0,0,1,Other,4703,542,603,590,680,637,542
1,1,600,18685,1,500,1,40526.82022,8,1,13,77.39,500,6,67.57,84043,1,0,0,0,0,1,0,0,0,0,1,0,Other,2400,660,581,591,680,617,581
1,1,500,26276,1,450,1,40527.5256,8,1,12,84.03,500,6,73.34,84123,0,0,1,0,0,1,0,0,0,1,0,1,Other,2328,573,612,649,682,618,573
1,1,400,19952,1,400,1,40528.68947,8,1,6,137.4,400,6,119.4,84003,1,0,1,0,0,1,0,0,1,0,0,0,Other,1912,593,601,640,645,614,593
1,1,300,26067,1,600,1,40529.21,5,1,10,55.3,300,5,49.55,84047,1,0,1,0,0,1,0,0,0,0,1,1,Other,1800,555,511,514,634,579,511
0,1,800,24904,0,734,0,40529.37097,5,0,10,92.17,500,5,82.58,84120,0,0,0,0,0,0,0,0,0,0,0,0,Other,2500,602,514,550,573,580,514
0,1,800,27152,0,954,1,40529.4403,8,1,8,231.76,800,8,194.94,84405,1,0,1,0,0,0,0,0,0,0,1,0,Other,3100,754,587,573,680,626,573
1,1,500,30414,0,0,1,40529.5252,8,1,17,66.17,500,8,55.98,84081,1,0,1,0,0,1,0,0,1,0,0,0,Other,700,760,646,674,740,632,632
0,1,500,30502,1,400,0,40529.62896,5,1,10,92.17,500,5,82.58,84088,1,0,0,1,0,1,0,0,0,0,1,0,Other,2200,734,510,556,653,569,510
0,1,500,32189,1,370,0,40529.7377,8,1,12,84.03,500,6,73.34,84121,1,0,0,1,0,1,0,0,0,0,1,0,Other,1580,663,501,533,643,555,501
0,1,600,33426,1,350,1,40550.50378,6,1,13,77.39,500,6,67.57,84003,1,0,0,0,1,0,0,1,0,1,0,1,Other,1200,645,501,544,582,526,501
0,1,700,23548,1,800,1,40552.42166,5,1,10,129.04,700,5,115.62,84041,1,0,0,1,0,0,1,0,0,0,1,0,Other,4400,763,573,596,680,617,573
1,1,800,24522,1,1308,1,40532.78259,5,1,10,147.47,800,5,132.13,84067,1,0,1,0,0,1,0,0,0,0,1,1,Other,3843,661,657,670,703,650,650
0,1,500,21956,0,950,1,40530.85531,5,1,5,193.91,500,5,171.47,84651,1,0,1,0,0,0,0,0,0,0,1,1,Other,4385,586,550,536,677,599,536
0,1,500,23408,1,1200,1,40533.72961,5,1,21,44.01,500,5,39.37,84660,1,0,0,1,0,1,0,0,1,0,0,0,Other,2080,616,603,661,694,562,562
1,1,800,30789,1,350,1,40534.5344,8,1,17,105.88,800,8,89.57,84604,0,1,1,0,0,0,0,0,0,0,0,0,Other,770,765,541,554,625,565,541
1,1,800,27376,1,980,0,40534.67705,8,1,13,77.39,500,6,67.57,84116,1,0,0,0,0,0,0,0,0,0,1,0,Other,2300,593,552,534,661,582,534
0,1,500,23810,1,1510,1,40534.74512,5,1,10,92.17,500,5,82.58,84121,1,0,0,1,0,0,1,0,0,0,1,0,Other,3120,599,653,677,715,657,599
0,1,550,29190,0,600,1,40532.3351,5,1,10,92.17,500,5,82.58,84404,1,0,1,0,0,1,0,0,0,0,1,1,Other,1400,532,603,654,659,636,532
1,1,800,30565,0,0,1,40541.23216,8,1,17,105.88,800,8,89.57,84040,1,0,1,0,0,0,1,0,0,0,1,0,Other,1100,765,698,696,752,640,640
1,1,800,20986,1,1200,1,40543.98352,3,1,6,136,500,3,126.46,84045,1,0,0,1,0,1,0,0,0,0,1,1,Other,3400,544,655,665,721,636,544
0,1,800,21380,1,1050,1,40546.68744,8,1,17,105.88,800,8,89.57,84058,1,0,0,0,0,0,1,0,0,0,1,1,Other,2700,771,592,587,680,614,587
0,1,600,21895,1,665,1,40547.42462,5,1,10,92.17,500,5,82.58,84084,1,0,0,0,1,1,0,0,0,0,1,0,Other,1800,573,515,522,656,582,515
1,1,800,19208,1,0,1,40547.46586,8,1,12,84.03,500,6,73.34,84058,1,0,0,0,1,0,1,0,0,0,1,0,Other,6000,601,552,589,680,578,552
0,1,800,32652,0,0,1,40533.33931,8,1,26,38.26,500,6,33.49,84093,1,0,1,0,0,1,0,0,0,1,0,0,Other,2392,580,525,551,666,568,525
1,1,300,30934,1,800,1,40533.42156,4,1,4,136.6,300,4,123.03,84321,1,0,1,0,0,1,0,0,0,0,0,0,Other,3100,616,620,657,721,613,613
0,1,500,18056,0,1600,1,40533.44323,5,1,10,92.17,500,5,82.58,84057,1,0,1,0,0,1,0,0,1,0,0,0,Other,2000,528,592,571,680,609,528
1,1,500,30481,0,0,0,40534.8064,5,1,10,92.17,500,5,82.58,84092,1,0,0,1,0,1,0,0,0,0,1,0,Other,2250,766,577,627,685,614,577
1,1,300,21783,1,725,1,40534.85095,8,1,12,50.42,300,6,44,84790,1,0,0,0,0,0,0,1,0,0,1,0,Other,1500,623,588,633,680,625,588
0,1,600,24294,0,500,0,40535.45998,3,0,13,75.46,600,3,70.09,84070,0,0,0,0,0,0,0,0,0,0,0,0,Other,3300,536,539,581,665,608,536
0,1,800,23114,1,325,0,40535.61867,8,1,12,84.03,500,6,73.34,84058,1,0,0,1,0,1,0,0,0,1,0,0,Other,19392,478,576,586,680,631,478
0,1,800,19460,0,500,1,40536.32441,5,1,5,193.91,500,5,171.47,84532,1,0,1,0,0,1,0,0,0,0,0,1,Other,3892,612,535,577,680,600,535
0,1,800,23151,1,750,1,40536.54936,7,1,13,77.39,500,6,67.57,84041,1,0,1,0,0,1,0,0,0,1,0,0,Other,2176,392,563,591,667,614,392
1,1,500,24038,1,1500,1,40536.64275,5,1,5,193.91,500,5,171.47,84738,1,0,1,0,0,0,1,0,1,0,0,0,Other,3752,677,613,643,689,622,613
0,1,500,31830,1,250,1,40538.67133,5,1,21,44.01,500,5,39.37,84655,1,0,1,0,0,1,0,0,0,0,1,0,Other,1900,536,584,596,697,594,536
1,1,800,19016,0,150,1,40535.61477,8,1,8,231.76,800,8,0,84003,1,0,0,0,0,0,0,1,1,0,0,0,Other,2700,760,638,687,706,643,638
0,1,500,30950,1,420,0,40547.58506,5,1,10,92.17,500,5,82.58,84655,1,0,0,0,0,1,0,0,0,0,0,1,Other,3200,645,507,536,632,571,507
0,1,500,30919,1,625,1,40547.67862,5,1,10,92.17,500,5,82.58,84333,1,0,1,0,0,1,0,0,1,0,0,1,Other,2400,677,557,596,623,587,557
1,1,400,26240,0,100,0,40552.92672,6,1,13,61.91,400,6,54.06,84404,1,0,1,0,0,1,0,0,0,0,1,1,Other,1160,765,599,643,671,635,599
1,1,800,24793,1,425,1,40553.46709,6,1,13,77.39,500,6,67.57,84770,1,0,0,0,1,1,0,0,0,0,1,1,Other,2520,734,578,600,670,605,578
1,1,600,21589,1,1600,1,40553.49712,3,1,3,284.69,500,3,261.37,84084,1,0,1,0,0,1,0,0,0,0,1,0,Other,4837,427,623,652,704,638,427
0,1,800,21300,1,648,1,40551.21551,8,1,13,77.39,500,6,67.57,84123,1,0,0,0,0,0,0,1,0,0,1,0,Other,5000,541,578,571,680,608,541
1,1,300,15840,0,200,1,40551.30326,3,1,3,170.81,300,3,156.82,84044,1,0,1,0,0,1,0,0,1,0,0,1,Other,1487,568,538,545,680,590,538
0,1,600,27706,0,600,0,40555.93972,6,1,6,171.75,500,6,67.57,84084,1,0,1,0,0,0,0,0,0,0,1,1,0,2400,574,552,558,660,607,552
0,1,500,24692,1,517,1,40556.31316,6,1,13,77.39,500,6,67.57,84401,1,0,1,0,0,0,1,0,1,0,0,0,Other,1280,645,501,548,675,567,501
0,1,800,29831,1,0,0,40556.36222,8,0,8,231.76,800,8,194.94,84401,1,0,0,1,0,0,0,0,0,0,1,0,Other,2200,557,592,561,680,611,557
0,1,400,21467,1,976,1,40562.9831,5,1,10,73.74,400,5,66.07,84075,1,0,0,1,0,0,0,0,0,0,1,1,Other,1384,538,611,620,680,644,538
0,1,600,31627,1,550,0,40539.46328,8,1,17,79.41,600,8,67.18,84627,1,0,0,0,1,0,0,0,1,0,0,0,Other,2200,586,545,554,671,578,545
1,1,750,32884,0,0,1,40539.48257,8,1,13,77.39,500,6,67.57,84065,1,0,1,0,0,1,0,0,0,0,1,0,Other,1200,603,555,598,625,574,555
0,1,300,26019,1,400,1,40539.68322,5,1,10,55.3,300,5,49.55,84067,1,0,0,1,0,1,0,0,0,0,1,0,Other,1200,601,562,583,680,603,562
0,1,800,27798,1,550,1,40539.73067,3,1,6,138.48,500,3,128.06,84094,1,0,1,0,0,0,1,0,0,0,1,0,Other,5400,623,505,556,680,581,505
0,1,600,25674,1,450,1,40541.31075,5,1,10,110.61,600,5,99.1,84050,1,0,1,0,0,0,1,0,0,0,1,0,Other,2350,734,634,663,686,627,627
0,1,800,32244,1,400,1,40542.32999,8,1,13,77.39,500,6,67.57,84107,1,0,1,0,0,0,1,0,0,1,0,0,Other,1520,523,610,632,703,588,523
0,1,800,19262,1,0,1,40549.36659,8,1,13,77.39,500,6,67.57,84118,1,0,0,1,0,1,0,0,0,0,1,0,Other,1800,614,576,577,680,617,576
0,1,500,24633,1,500,1,40549.78865,5,1,10,94.7,500,5,84.18,84119,1,0,0,1,0,1,0,0,0,0,1,1,Other,2800,645,520,530,623,594,520
1,1,800,25765,0,1052,1,40553.72484,8,1,17,105.88,800,8,89.57,84120,1,0,1,0,0,1,0,0,0,0,1,0,Other,2082,557,548,581,675,613,548
1,1,800,29610,1,685,1,40553.84509,8,1,13,77.39,500,6,67.57,84088,1,0,1,0,0,1,0,0,0,1,0,0,Other,3288,766,501,514,597,564,501
1,1,800,22882,0,603,1,40554.45552,8,1,12,84.03,500,6,73.34,84067,0,1,1,0,0,0,1,0,0,0,1,0,Other,2200,619,570,606,680,607,570
0,1,800,21392,1,550,1,40554.78828,8,1,8,231.76,800,8,194.94,84404,1,0,0,1,0,0,1,0,0,0,1,0,Other,1500,749,555,584,671,613,555
0,1,500,21814,0,650,1,40543.10009,6,1,13,77.39,500,6,67.57,84116,1,0,1,0,0,0,0,0,0,1,0,0,Other,1800,713,501,517,618,559,501
0,1,500,29010,0,0,1,40544.35263,5,1,10,92.17,500,5,82.58,84111,0,1,1,0,0,1,0,0,1,0,0,1,Other,1000,599,517,541,651,582,517
1,1,500,24454,1,975,1,40540.34574,5,1,10,94.7,500,5,84.18,84738,0,1,1,0,0,0,0,1,0,0,1,0,Other,3000,663,526,544,656,590,526
0,1,600,23294,1,400,1,40544.42603,6,1,26,38.26,500,6,33.49,84115,1,0,1,0,0,0,1,0,0,0,1,0,Other,1120,523,526,572,680,592,523
0,1,600,21925,1,0,1,40544.67973,5,1,10,92.17,500,5,82.58,84036,1,0,1,0,0,1,0,0,0,1,0,0,Won't say,2000,645,532,572,680,587,532
0,1,500,26735,1,388,1,40546.41531,5,1,5,193.91,500,5,171.47,84067,0,0,0,0,0,0,0,0,0,0,0,1,Other,2020,716,564,584,678,609,564
0,1,500,31255,0,200,1,40554.89869,5,1,10,92.17,500,5,82.58,84660,1,0,1,0,0,1,0,0,0,0,1,0,Other,1456,544,555,587,680,584,544
1,1,500,14837,1,0,1,40555.38759,5,1,5,193.91,500,5,171.47,84741,1,0,1,0,0,0,1,0,1,0,0,1,Other,800,616,566,588,680,628,566
1,1,800,25651,1,1309,1,40555.56198,8,1,13,77.39,500,6,67.57,84104,1,0,0,1,0,0,1,0,0,0,1,0,Other,2478,601,578,629,669,614,578
1,1,400,25533,0,525,0,40557.13825,6,1,12,67.22,400,6,58.67,84015,1,0,1,0,0,1,0,0,1,0,0,0,Other,1600,713,501,501,600,563,501
0,1,500,19240,0,1100,1,40558.3966,6,1,13,77.39,500,6,67.57,84660,1,0,1,0,0,0,1,0,0,0,1,1,Other,4240,677,632,640,597,621,597
0,1,500,26477,1,2000,1,40557.46663,8,1,13,77.39,500,6,67.57,84109,0,1,1,0,0,0,0,0,0,1,0,0,Other,5000,581,591,593,680,621,581
1,1,800,29963,1,400,1,40546.45606,8,1,12,84.03,500,6,73.34,84102,1,0,0,0,1,1,0,0,0,0,1,0,Other,800,710,561,640,692,581,561
0,1,800,17798,0,0,1,40546.5113,6,1,12,84.03,500,6,73.34,84095,1,0,1,0,0,1,0,0,0,0,1,0,Other,2820,719,543,567,605,592,543
0,1,500,21806,1,1150,1,40546.73774,5,1,21,44.01,500,5,39.37,84029,1,0,0,1,0,0,1,0,0,1,0,0,Other,2800,619,583,587,680,621,583
0,1,400,32983,1,725,0,40546.7912,6,1,6,137.4,400,6,119.4,84606,1,0,0,1,0,0,0,0,0,1,0,0,Other,1350,733,610,621,684,591,591
0,1,600,32352,1,0,1,40550.25067,7,1,6,171.75,500,6,149.24,84015,1,0,1,0,0,1,0,0,0,0,0,0,Other,1300,538,603,623,701,605,538
0,1,400,32629,1,100,1,40550.40584,5,1,10,73.74,400,5,66.07,84321,1,0,0,0,1,1,0,0,1,0,0,0,Other,1300,594,584,638,708,576,576
1,1,800,22017,1,1250,1,40553.58081,6,1,12,84.03,500,6,73.34,84098,1,0,0,0,0,0,0,0,1,0,0,0,Other,6134,577,628,644,685,621,577
1,1,500,23690,1,400,1,40490.5616,5,1,5,193.91,500,5,171.47,84721,1,0,0,1,0,1,0,0,0,0,1,0,Other,1100,716,517,520,605,564,517
1,1,500,24903,1,0,1,40503.99588,5,1,5,193.91,500,5,171.47,84003,1,0,0,1,0,0,1,0,0,1,0,0,Other,1700,544,611,609,680,617,544
1,1,800,22452,0,450,0,40504.91779,8,0,12,84.03,500,6,73.34,84115,0,0,0,0,0,0,0,0,0,0,0,0,Other,1600,713,532,598,580,589,532
1,1,700,31028,1,1500,1,40512.43581,5,1,21,44.01,500,5,39.37,84110,1,0,0,1,0,1,0,0,1,0,0,0,Other,2400,50,222,222,222,222,50
1,1,600,28682,1,900,1,40557.49508,8,1,8,173.82,600,8,146.21,84029,1,0,0,0,1,0,0,1,1,0,0,0,Other,3007,780,608,704,740,617,608
0,1,800,22712,1,1042,1,40559.46207,8,1,17,105.88,800,8,89.57,84088,0,0,1,0,0,1,0,0,0,1,0,1,Other,3280,550,573,589,680,625,550
1,1,600,23891,0,0,1,40559.86422,8,1,13,77.39,500,6,67.57,84120,1,0,1,0,0,0,0,0,0,0,0,0,Other,2774,601,586,645,648,622,586
1,1,800,21822,0,0,1,40559.84219,8,1,16,113.77,800,8,95.96,84103,1,0,0,0,1,1,0,0,1,0,0,1,Other,3200,735,597,673,725,624,597
1,1,700,29890,0,1100,1,40560.5745,8,1,12,84.03,500,6,73.34,84005,1,0,1,0,0,1,0,0,0,0,1,0,Other,3200,763,579,615,692,602,579
1,1,800,26095,1,600,1,40561.50829,8,1,12,84.03,500,6,73.34,84015,1,0,1,0,0,0,0,0,0,0,1,0,Other,3600,544,575,560,607,594,544
0,1,500,19131,1,400,1,40561.65387,5,1,10,92.17,500,5,82.58,84092,1,0,1,0,0,1,0,0,0,1,0,0,Other,2600,660,592,602,680,643,592
0,1,800,28601,1,200,1,40561.68353,8,1,13,77.39,500,6,67.57,84070,0,1,0,0,0,1,0,0,0,1,0,0,Other,1360,719,525,538,627,585,525
1,1,800,27666,0,1000,0,40562.3531,6,0,13,123.82,800,6,108.12,84005,0,0,0,0,0,0,0,0,0,0,0,0,Other,4820,600,623,651,693,637,600
0,1,800,26813,1,0,0,40562.55007,6,1,13,123.82,800,6,108.12,84084,1,0,0,0,1,0,1,0,0,1,0,0,Other,8000,612,568,598,680,612,568
0,1,500,26714,0,1100,1,40562.58519,5,1,10,92.17,500,5,82.58,84118,1,0,1,0,0,1,0,0,0,0,1,0,Other,1230,663,596,648,676,627,596
1,1,500,22790,1,800,1,40562.59337,8,1,13,77.39,500,6,67.57,84663,1,0,0,0,1,1,0,0,0,0,1,0,Other,1700,583,592,646,678,613,583
0,1,300,30787,0,600,1,40562.75847,8,1,17,39.7,300,8,33.59,83616,0,1,1,0,0,1,0,0,0,0,1,0,Other,1500,530,557,615,653,601,530
1,1,500,18046,1,386,0,40562.77264,5,1,5,193.91,500,5,171.47,83204,1,0,1,0,0,0,0,0,0,0,1,1,Other,1000,613,516,545,658,592,516
0,1,700,24381,0,1395,1,40571.3586,5,1,10,92.17,500,5,92.17,84047,1,0,1,0,0,1,0,0,0,0,1,0,Other,6000,601,600,631,663,616,600
1,1,300,26725,1,500,1,40571.38756,8,1,16,42.66,300,8,42.66,84720,0,0,0,1,0,1,0,0,0,0,1,0,Medical,3350,601,534,555,666,584,534
0,1,800,24187,1,200,1,40571.39667,8,1,17,105.88,800,8,105.88,83221,1,0,1,0,0,1,0,0,0,0,1,0,Bills,3544,613,551,592,680,608,551
0,1,800,25273,0,425,1,40563.67146,5,1,10,92.17,500,5,82.58,83201,1,0,1,0,0,0,0,0,1,0,0,1,Other,5200,645,519,550,641,593,519
0,1,800,25942,1,325,0,40563.71718,8,1,17,105.88,800,8,89.57,83401,1,0,0,1,0,0,0,0,0,0,1,1,Other,1070,541,577,614,578,617,541
0,1,300,25237,1,879,1,40568.79023,6,1,13,46.43,300,6,46.43,84081,1,0,1,0,0,0,0,0,0,1,0,0,Bills,2390,536,526,501,649,575,501
1,1,500,17877,1,785,1,40568.96079,5,1,5,193.91,500,5,193.91,83854,1,0,1,0,0,1,0,0,0,0,1,0,Car,2450,616,597,646,683,626,597
1,1,400,18492,1,0,1,40569.64727,8,1,8,115.88,400,8,115.88,83338,1,0,1,0,0,1,0,0,0,0,1,0,Bills,1334,568,612,660,709,639,568
0,1,700,27391,0,0,1,40569.94387,8,1,13,77.39,500,6,77.39,84074,1,0,0,1,0,0,0,1,0,0,1,0,Bills,1600,506,532,563,680,597,506
1,1,400,11493,1,479,0,40564.56519,5,1,5,155.12,400,5,155.12,83252,1,0,0,0,1,0,0,0,0,0,1,1,Other,1879,768,544,584,680,609,544
0,1,350,31427,0,250,1,40564.61637,5,1,5,135.73,350,5,135.73,83201,1,0,1,0,0,1,0,0,1,0,0,1,Other,670,645,503,544,629,550,503
1,1,500,17919,0,605,1,40565.37503,5,1,10,92.17,500,5,92.17,84103,1,0,1,0,0,1,0,0,1,0,0,1,Other,1378,645,568,633,682,625,568
0,1,500,26149,1,1375,1,40565.37846,5,1,10,92.17,500,5,92.17,84041,1,0,1,0,0,0,1,0,0,0,1,0,Other,2000,546,588,602,680,624,546
1,1,500,25540,0,200,1,40565.56795,5,1,10,94.7,500,5,94.7,84780,1,0,1,0,0,1,0,0,1,0,0,1,Other,8000,541,588,623,661,610,541
0,1,800,25295,1,750,1,40565.90831,8,1,6,171.75,500,6,171.75,83642,0,0,0,0,0,1,0,0,1,0,0,0,Other,3212,716,501,521,668,561,501
0,1,500,32315,1,0,0,40566.5676,5,1,10,92.17,500,5,92.17,83705,1,0,1,0,0,1,0,0,0,0,1,0,Other,1300,562,612,624,696,597,562
1,1,400,26290,0,1650,1,40566.56929,5,1,10,73.74,400,5,73.74,84065,1,0,1,0,0,1,0,0,0,0,1,1,Other,5800,760,673,721,752,637,637
0,1,700,29415,1,630,1,40566.80944,8,1,17,92.64,700,8,92.64,84084,1,0,1,0,0,0,0,1,0,1,0,1,Other,1800,523,564,616,657,591,523
1,1,800,25232,1,1800,1,40567.39072,8,1,17,105.88,800,8,105.88,84790,1,0,0,1,0,1,0,0,1,0,0,1,Other,3794,661,570,576,680,613,570
1,1,400,31714,1,897,1,40567.40513,3,1,6,110.78,400,3,110.78,84414,1,0,1,0,0,0,1,0,0,0,1,0,Other,4400,754,608,640,686,623,608
0,1,500,18871,0,1200,1,40567.42824,4,1,8,108.48,500,4,108.48,84120,1,0,1,0,0,1,0,0,0,0,1,1,Other,2720,586,595,632,700,621,586
0,1,600,21109,1,500,1,40590.45485,4,1,8,133.17,600,4,133.17,83301,1,0,0,0,0,1,0,0,0,0,1,0,Bills,2400,548,561,543,669,599,543
1,1,300,31286,0,160,1,40590.5536,5,1,10,55.3,300,5,55.3,84084,1,0,1,0,0,0,0,1,0,0,1,0,Bills,1200,661,588,627,653,618,588
0,1,500,20865,0,164,0,40590.68316,5,1,5,193.91,500,5,193.91,57701,1,0,1,0,0,1,0,0,0,1,0,0,Car,1152,434,544,558,680,594,434
0,1,800,25420,0,575,1,40590.71251,8,1,13,77.39,500,6,77.39,84123,1,0,1,0,0,1,0,0,0,0,1,0,Bills,4380,715,551,551,577,577,551
1,1,700,28282,1,716,0,40591.32023,6,1,6,240.46,700,6,240.46,84319,1,0,0,0,0,1,0,0,0,1,0,0,Car,2781,677,554,579,680,604,554
1,1,800,21246,1,403,0,40591.36235,8,1,8,231.76,800,8,231.76,83714,1,0,0,1,0,0,1,0,0,0,1,0,Bills,1984,87,603,652,676,640,87
0,1,500,20041,1,0,0,40591.44296,5,1,10,92.17,500,5,92.17,84404,1,0,1,0,0,0,0,0,1,0,0,1,Bills,1200,589,577,537,680,600,537
1,1,500,17347,1,1532,1,40591.45728,8,1,13,77.39,500,6,77.39,84094,1,0,1,0,0,1,0,0,0,0,1,0,Other,3050,536,641,648,679,616,536
1,1,800,23103,0,450,1,40591.47476,4,1,4,364.28,800,4,364.28,84601,1,0,0,0,1,1,0,0,1,0,0,0,Car,4200,663,641,695,734,626,626
0,1,500,31705,0,300,1,40590.69821,5,1,10,92.17,500,5,92.17,84118,1,0,1,0,0,0,1,0,1,0,0,0,Bills,800,530,553,615,623,592,530
0,1,500,30601,1,484,0,40590.99164,3,1,6,136,500,3,136,84341,1,0,0,1,0,0,1,0,0,0,1,0,Bills,1800,645,554,595,625,585,554
1,1,800,20271,0,500,1,40591.50678,8,1,17,105.88,800,8,105.88,84121,1,0,0,0,1,1,0,0,0,0,1,0,Car,3100,573,568,560,680,605,560
1,1,800,24685,1,650,0,40591.50818,6,1,13,123.82,800,6,123.82,84040,1,0,1,0,0,0,1,0,1,0,0,0,Other,2800,593,561,545,656,608,545
0,1,500,30510,1,575,1,40591.56199,5,1,10,92.17,500,5,92.17,84115,1,0,0,1,0,0,0,0,0,0,1,0,Bills,1400,523,545,596,622,589,523
1,1,500,20547,1,0,1,40591.73192,5,1,10,92.17,500,5,92.17,84405,0,1,1,0,0,0,0,1,0,0,1,0,Bills,3400,577,539,501,642,582,501
1,1,500,28054,1,1075,1,40591.93725,5,1,10,92.17,500,5,92.17,84043,0,1,0,1,0,1,0,0,0,0,1,0,Medical,2400,297,614,656,701,634,297
0,1,500,25402,1,1000,1,40592.35904,5,1,10,92.17,500,5,92.17,83702,1,0,0,1,0,0,1,0,0,0,1,0,Bills,2750,573,593,619,671,608,573
1,1,500,28111,1,1200,1,40592.42932,5,1,10,94.7,500,5,94.7,83712,0,1,0,1,0,0,1,0,0,0,1,0,Bills,2594,760,597,644,671,617,597
0,1,600,19239,0,430,1,40592.6738,5,1,5,193.91,500,5,193.91,83651,1,0,1,0,0,0,0,0,0,0,1,0,Bills,1236,562,572,563,680,613,562
1,1,500,26683,1,265,1,40592.76772,5,1,5,193.91,500,5,193.91,83402,1,0,0,0,1,0,1,0,0,0,1,0,Bills,1100,521,569,657,711,582,521
1,1,800,20675,1,320,1,40594.71844,8,1,13,77.39,500,6,77.39,84767,1,0,0,0,0,0,0,1,0,0,1,0,Other,1200,645,589,623,663,577,577
0,1,800,30385,0,884,1,40594.83442,8,1,17,105.88,800,8,105.88,84107,1,0,1,0,0,1,0,0,0,1,0,0,Bills,2400,716,572,620,640,603,572
0,1,800,24723,0,726,1,40594.89586,6,1,13,123.82,800,6,123.82,84010,1,0,1,0,0,0,0,0,1,0,0,0,Bills,2600,586,621,637,665,637,586
0,1,500,26363,1,1100,1,40595.30824,6,1,13,77.39,500,6,77.39,57103,1,0,0,0,0,1,0,0,1,0,0,0,Bills,2987,501,545,563,654,611,501
0,1,700,16592,1,849,1,40595.46924,5,1,5,271.47,700,5,271.47,83854,1,0,1,0,0,0,1,0,0,0,1,0,Bills,2601,576,624,651,689,627,576
0,1,700,24681,1,700,1,40595.63462,6,1,13,77.39,500,6,77.39,84041,1,0,0,0,0,1,0,0,0,0,1,0,Other,9644,521,576,601,650,619,521
1,1,800,26086,1,650,1,40596.06072,8,1,6,171.75,500,6,171.75,83843,1,0,1,0,0,0,1,0,0,0,1,0,Bills,2813,297,584,652,695,634,297
1,1,800,28887,1,475,1,40596.47876,8,1,13,77.39,500,6,77.39,84115,1,0,0,1,0,1,0,0,0,0,1,0,Other,2850,329,549,606,615,609,329
1,1,400,26522,0,0,1,40596.56625,6,1,12,67.22,400,6,67.22,57301,1,0,1,0,0,1,0,0,1,0,0,1,Car,1800,645,539,596,627,587,539
1,1,500,20777,1,367,1,40596.63559,6,1,13,77.39,500,6,77.39,57702,1,0,0,0,0,1,0,0,0,0,1,0,Other,1200,523,563,556,652,604,523
1,1,500,18495,1,300,1,40597.27851,5,1,10,92.17,500,5,92.17,57325,1,0,0,1,0,1,0,0,1,0,0,1,Other,1765,538,571,589,612,605,538
1,1,800,28823,1,525,1,40597.4189,6,1,13,123.82,800,6,123.82,84118,1,0,1,0,0,0,0,0,0,0,1,0,Car,2800,546,597,627,665,626,546
0,1,500,30175,0,580,1,40597.49078,5,1,10,94.7,500,5,94.7,57301,1,0,1,0,0,1,0,0,0,1,0,0,Other,3200,719,507,542,632,574,507
0,1,300,22025,1,191,0,40596.26473,5,1,10,55.3,300,5,55.3,57339,1,0,0,0,0,0,0,0,0,0,1,0,Bills,1920,183,602,660,699,625,183
0,1,800,28702,1,1200,1,40597.7234,8,1,17,105.88,800,8,105.88,84120,1,0,1,0,0,1,0,0,0,0,1,0,Bills,2400,530,564,628,654,606,530
0,1,500,23587,1,375,0,40598.31322,6,1,13,77.39,500,6,77.39,57350,1,0,1,0,0,0,0,0,0,0,1,0,Rent,3600,602,549,576,669,609,549
0,1,500,27384,1,0,1,40598.45343,6,1,13,77.39,500,6,77.39,57301,1,0,1,0,0,1,0,0,0,1,0,0,Other,3720,550,576,594,680,610,550
1,1,500,24261,0,100,1,40598.45896,6,1,13,77.39,500,6,77.39,57262,1,0,1,0,0,0,1,0,0,0,1,1,Car,3100,593,602,651,680,621,593
0,1,800,27347,1,1182,1,40598.49679,8,1,6,171.75,500,6,171.75,84053,1,0,0,1,0,1,0,0,0,0,1,1,Other,2600,763,539,573,680,600,539
0,1,700,29365,1,400,1,40598.51088,5,1,5,271.47,700,5,271.47,84121,1,0,1,0,0,1,0,0,0,0,1,0,Car,1500,808,512,548,626,581,512
0,1,500,18108,0,620,1,40598.41764,8,1,8,144.85,500,8,144.85,84070,1,0,0,1,0,0,0,0,0,0,1,0,Other,2600,638,635,678,710,649,635
0,1,700,25857,1,800,1,40598.32089,5,1,10,92.17,500,5,92.17,84335,1,0,1,0,0,1,0,0,0,0,1,1,Other,3370,716,561,621,670,608,561
1,1,300,28768,0,800,1,40599.11944,5,1,5,116.34,300,5,116.34,83854,1,0,1,0,0,1,0,0,1,0,0,0,Other,2998,586,535,550,680,577,535
0,1,500,19247,1,500,1,40599.45792,5,1,5,193.91,500,5,193.91,57003,1,0,0,0,0,0,0,0,1,0,0,0,Bills (General),3000,541,620,653,674,629,541
1,1,800,18206,0,1326,0,40599.45948,5,1,5,310.25,800,5,310.25,84121,1,0,1,0,0,1,0,0,1,0,0,0,Bills (Auto),3192,666,693,756,796,656,656
1,1,600,25849,1,575,0,40599.71216,5,1,10,94.7,500,5,94.7,83617,1,0,0,0,1,0,1,0,0,0,1,0,Other,1600,231,587,636,679,619,231
0,1,800,27862,0,250,1,40599.75054,6,1,6,171.75,500,6,171.75,84010,1,0,0,1,0,0,1,0,1,0,0,0,Bills (Medical),3500,645,575,633,671,618,575
1,1,800,25290,1,650,1,40599.76618,8,1,13,77.39,500,6,77.39,84106,1,0,0,1,0,0,1,0,1,0,0,0,Bills (General),2000,712,571,601,619,602,571
0,1,800,27199,0,916,1,40567.57584,5,1,10,92.17,500,5,92.17,84042,1,0,1,0,0,1,0,0,1,0,0,1,Other,5340,732,551,553,679,600,551
1,1,500,24572,1,187,1,40567.64917,5,1,10,94.7,500,5,94.7,84752,1,0,0,0,1,0,1,0,0,1,0,0,Other,1480,530,607,655,710,589,530
0,1,800,22603,1,570,0,40567.71773,8,1,13,77.39,500,6,77.39,83201,0,1,1,0,0,0,1,0,1,0,0,1,Other,2650,560,586,604,680,640,560
1,1,500,30905,1,500,1,40567.37039,6,1,13,77.39,500,6,77.39,83644,1,0,0,1,0,1,0,0,0,0,1,0,Other,1920,586,521,540,679,584,521
1,1,600,19942,0,876,1,40568.31434,5,1,10,92.17,500,5,92.17,83201,1,0,1,0,0,1,0,0,0,0,1,0,Other,4300,669,516,545,680,573,516
0,1,600,20426,0,756,1,40568.61307,5,1,5,193.91,500,5,193.91,84724,1,0,1,0,0,0,0,0,0,1,0,0,Other,4280,539,568,590,680,611,539
0,1,700,14858,0,1050,1,40568.62972,5,1,5,271.47,700,5,271.47,84302,1,0,1,0,0,1,0,0,0,0,1,0,Other,2795,713,594,647,665,626,594
1,1,300,21057,1,0,0,40571.4233,5,1,5,116.34,300,5,116.34,84403,1,0,1,0,0,1,0,0,0,0,1,0,Bills,753,536,590,634,668,621,536
0,1,600,21905,0,600,1,40571.43528,8,1,13,77.39,500,6,77.39,84041,1,0,1,0,0,1,0,0,0,0,1,0,Bills,2200,497,553,590,613,595,497
0,1,800,26890,0,680,1,40571.55755,8,1,17,105.88,800,8,105.88,84119,0,1,1,0,0,1,0,0,1,0,0,1,Bills,1400,523,579,602,672,599,523
0,1,800,23955,1,0,1,40572.45455,8,1,13,77.39,500,6,77.39,84044,1,0,0,0,0,1,0,0,1,0,0,1,Other,3200,601,552,601,597,571,552
1,1,300,29488,0,786,0,40572.5405,8,1,17,39.7,300,8,39.7,84414,1,0,1,0,0,1,0,0,1,0,0,1,Car,2100,741,574,596,680,629,574
1,1,300,30773,1,312,1,40568.77716,3,1,6,81.6,300,3,81.6,83704,1,0,0,1,0,0,1,0,0,0,1,0,Other,1900,638,552,586,603,580,552
0,1,800,24935,1,600,0,40574.70742,8,1,17,105.88,800,8,105.88,84047,1,0,0,0,1,0,1,0,0,0,1,0,Other,2000,751,560,624,624,621,560
0,1,800,23291,1,1100,1,40574.71164,5,1,10,147.47,800,5,147.47,84120,1,0,0,0,1,1,0,0,0,0,1,0,Car,3280,661,624,667,679,641,624
0,1,500,26016,0,850,1,40574.72682,6,1,13,77.39,500,6,77.39,57032,1,0,1,0,0,1,0,0,0,0,1,0,Bills,1250,336,586,579,680,628,336
0,1,700,22879,1,780,1,40572.68279,6,1,6,240.46,700,6,240.46,84123,1,0,0,0,0,0,1,0,0,0,1,0,Bills,3200,601,618,613,663,627,601
1,1,500,21401,0,650,0,40569.15464,6,0,12,84.03,500,6,84.03,83703,0,0,0,0,0,0,0,0,0,0,0,0,Bills,4450,542,562,565,680,603,542
1,1,800,22660,0,1600,1,40569.42986,5,1,10,151.51,800,5,151.51,84092,1,0,1,0,0,0,0,0,0,0,1,1,Bills,3000,582,645,685,733,660,582
0,1,500,19405,1,1200,1,40569.45973,5,1,10,92.17,500,5,92.17,84404,1,0,1,0,0,1,0,0,0,0,1,1,Car,2786,568,578,565,680,616,565
0,1,800,27710,0,300,1,40570.3437,8,1,13,77.39,500,6,77.39,84115,1,0,1,0,0,1,0,0,0,0,1,0,Medical,2200,664,520,565,621,570,520
1,1,650,30903,1,500,1,40570.50146,5,1,5,193.91,500,5,193.91,84058,1,0,1,0,0,1,0,0,1,0,0,1,Rent,2600,297,625,670,720,625,297
0,1,800,25661,1,750,1,40575.74997,8,1,8,231.76,800,8,231.76,83687,1,0,1,0,0,1,0,0,0,1,0,1,Bills,3113,507,602,638,668,636,507
1,1,800,25821,1,850,0,40573.67858,6,1,6,171.75,500,6,171.75,83646,1,0,1,0,0,1,0,0,0,1,0,1,Other,2600,620,521,543,672,597,521
1,1,800,19891,0,750,1,40575.54179,8,1,16,113.77,800,8,113.77,84054,1,0,1,0,0,1,0,0,0,0,1,0,Rent,1100,530,549,548,680,619,530
1,1,500,28192,1,1000,1,40576.37089,6,1,13,77.39,500,6,77.39,84010,1,0,1,0,0,1,0,0,0,0,1,0,Bills,1500,565,613,636,644,593,565
1,1,300,22308,1,0,1,40577.51918,6,1,13,46.43,300,6,46.43,83204,1,0,0,1,0,0,0,0,1,0,0,0,Medical,1324,642,528,517,654,595,517
0,1,800,15855,0,1114,1,40578.52693,8,1,6,274.81,800,6,171.75,84010,1,0,1,0,0,1,0,0,1,0,0,0,Other,3062,670,543,538,680,592,538
0,1,500,27572,1,400,0,40579.26028,5,1,10,92.17,500,5,92.17,84780,1,0,0,1,0,0,0,0,1,0,0,0,Bills,2800,583,556,584,669,595,556
1,1,800,24167,0,900,1,40573.84547,6,1,13,123.82,800,6,123.82,84067,1,0,1,0,0,0,1,0,0,1,0,0,Bills,2600,559,556,567,635,611,556
0,1,800,17415,1,959,1,40580.64905,8,1,8,231.76,800,8,231.76,83404,1,0,0,0,1,1,0,0,0,0,1,0,Bills,3723,583,578,562,668,613,562
0,1,800,25228,0,1000,1,40581.35164,6,1,13,123.82,800,6,123.82,84047,1,0,1,0,0,0,0,0,0,0,1,0,Car,2600,601,554,532,635,582,532
0,1,800,31459,0,850,1,40581.4181,8,1,13,77.39,500,6,77.39,83704,1,0,1,0,0,1,0,0,1,0,0,0,Bills,2400,541,609,654,706,602,541
1,1,800,22342,1,400,1,40583.58813,8,1,13,77.39,500,6,77.39,83858,1,0,0,0,0,0,0,0,0,0,1,0,Bills,1140,221,584,638,689,631,221
1,1,400,31337,1,670,1,40583.64677,3,1,6,108.8,400,3,108.8,84116,1,0,1,0,0,1,0,0,0,0,1,0,Bills,1260,539,527,553,648,583,527
0,1,500,23787,1,1200,1,40574.44584,5,1,10,94.7,500,5,94.7,57106,1,0,1,0,0,1,0,0,1,0,0,1,Bills,1880,596,580,569,680,613,569
0,1,400,23285,1,950,1,40583.87184,5,1,10,73.74,400,5,73.74,84047,1,0,0,0,1,0,0,0,0,0,1,1,Bills,2200,641,581,587,680,595,581
0,1,600,21556,1,850,1,40583.89399,6,1,13,92.87,600,6,92.87,84103,0,1,0,0,1,0,1,0,0,0,1,0,Car,3760,616,596,647,701,624,596
1,1,500,30332,1,100,1,40584.35377,5,1,10,92.17,500,5,92.17,57701,1,0,1,0,0,1,0,0,0,0,1,0,Car,1223,538,569,624,642,596,538
0,1,800,29401,1,1000,1,40586.6556,8,1,17,105.88,800,8,105.88,84058,1,0,0,0,0,0,0,0,0,0,1,0,Rent,2800,525,668,673,715,639,525
1,1,500,21204,0,500,1,40588.36836,6,1,13,77.39,500,6,77.39,57018,1,0,1,0,0,0,1,0,0,1,0,0,Other,3624,593,562,583,680,615,562
0,1,400,25806,1,350,1,40576.31622,6,1,6,137.4,400,6,137.4,83687,1,0,0,0,1,1,0,0,0,0,1,0,Medical,3200,655,595,625,692,622,595
1,1,600,23034,1,100,1,40576.60351,6,1,13,92.87,600,6,92.87,84003,1,0,0,1,0,1,0,0,0,0,1,0,Car,2000,615,594,613,680,632,594
0,1,300,28944,1,0,1,40576.6362,3,1,6,81.6,300,3,81.6,83221,1,0,1,0,0,0,0,0,0,0,1,0,Car,1600,530,555,616,650,610,530
0,1,600,18690,1,550,1,40576.76047,5,1,10,94.7,500,5,94.7,83347,1,0,0,0,0,0,0,1,0,0,1,0,Medical,2060,586,560,564,666,613,560
0,1,300,27135,0,500,1,40577.29307,3,1,3,170.81,300,3,170.81,83843,0,1,1,0,0,0,0,1,0,0,1,0,Medical,3026,732,519,550,661,601,519
1,1,500,26419,1,1033,0,40577.40845,6,1,13,77.39,500,6,77.39,83401,1,0,0,1,0,0,0,0,1,0,0,0,Medical,2600,566,527,560,680,576,527
0,1,500,28616,1,0,1,40577.47247,5,1,10,92.17,500,5,92.17,84015,1,0,1,0,0,1,0,0,0,0,1,0,Car,1032,486,546,592,639,583,486
1,1,500,15246,0,300,1,40577.51047,6,1,6,171.75,500,6,171.75,83325,1,0,1,0,0,0,0,1,0,0,1,1,Bills,2777,713,530,544,643,590,530
0,1,800,27635,1,675,1,40577.53549,3,1,6,136,500,3,136,84058,1,0,1,0,0,0,0,0,0,1,0,0,Bills,3000,536,582,609,654,602,536
0,1,300,31505,1,680,1,40577.54267,4,1,8,65.09,300,4,65.09,83713,1,0,0,1,0,0,1,0,1,0,0,0,Other,1300,521,615,669,724,590,521
0,1,500,16712,0,2100,1,40577.61416,3,1,6,138.48,500,3,138.48,84010,1,0,1,0,0,1,0,0,0,0,1,0,Car,5610,660,577,587,680,612,577
1,1,600,27935,1,0,1,40577.62022,5,1,10,92.17,500,5,92.17,84005,1,0,0,0,1,0,0,0,0,0,1,1,Bills,4446,573,602,646,703,632,573
0,1,800,23917,1,350,1,40577.66338,5,1,10,92.17,500,5,92.17,83301,1,0,1,0,0,1,0,0,1,0,0,0,Bills,2148,763,521,558,670,592,521
0,1,500,24690,1,700,1,40578.36794,6,1,6,171.75,500,6,171.75,57107,1,0,0,0,1,1,0,0,0,0,1,0,Bills,5500,423,566,572,657,607,423
1,1,300,18864,1,0,1,40578.39186,5,1,5,116.34,300,5,116.34,83661,1,0,0,0,0,0,1,0,0,0,1,0,Bills,1730,583,577,595,680,622,577
0,1,800,29845,0,250,0,40578.40811,8,1,13,77.39,500,6,77.39,84106,1,0,1,0,0,0,1,0,0,1,0,1,Car,1800,546,522,579,655,572,522
1,1,800,28537,0,795,1,40581.46711,8,1,16,113.77,800,8,113.77,84111,1,0,1,0,0,0,1,0,0,0,1,0,Other,5800,512,595,631,681,623,512
1,1,800,22041,1,980,1,40581.54265,5,1,10,147.47,800,5,147.47,83237,1,0,0,0,0,1,0,0,0,0,1,0,Medical,856,760,599,638,680,630,599
0,1,400,24566,0,250,1,40581.65402,8,1,13,61.91,400,6,61.91,84770,1,0,1,0,0,0,0,1,1,0,0,0,Bills,1200,544,529,536,636,592,529
1,1,800,30490,0,170,1,40582.38211,6,1,12,84.03,500,6,84.03,83202,1,0,1,0,0,1,0,0,1,0,0,0,Other,2078,596,537,616,622,574,537
1,1,800,18927,1,170,0,40579.85561,8,1,8,231.76,800,8,231.76,83501,1,0,1,0,0,0,0,0,0,0,1,0,Other,713,734,570,590,680,623,570
0,1,500,24352,1,300,1,40582.35071,5,1,10,94.7,500,5,94.7,83401,1,0,0,1,0,0,1,0,0,1,0,0,Bills,2000,583,604,649,670,616,583
1,1,600,26556,0,1325,1,40582.3522,5,1,10,113.64,600,5,113.64,84403,1,0,1,0,0,1,0,0,0,0,1,0,Rent,4526,593,592,602,680,631,592
0,1,700,28958,1,565,1,40582.40227,3,1,6,136,500,3,136,84118,1,0,0,0,0,0,1,0,0,0,1,1,Bills,2766,716,545,617,627,546,545
1,1,500,31586,1,675,0,40582.5181,5,1,10,94.7,500,5,94.7,84639,1,0,0,1,0,1,0,0,0,1,0,1,Car,4400,596,631,677,723,610,596
0,1,500,26841,1,1000,1,40582.52455,5,1,10,92.17,500,5,92.17,57701,0,1,1,0,0,1,0,0,1,0,0,0,Bills,3068,536,516,554,657,571,516
1,1,500,24120,1,800,0,40582.64075,8,1,8,144.85,500,8,144.85,84010,1,0,0,1,0,0,1,0,0,1,0,0,Other,8100,563,599,578,680,630,563
1,1,500,23611,1,580,1,40582.64442,6,1,13,77.39,500,6,77.39,57073,1,0,0,1,0,0,1,0,0,1,0,0,Bills,4000,644,564,610,641,601,564
1,1,500,26287,1,525,1,40583.44463,3,1,6,138.48,500,3,138.48,83401,1,0,1,0,0,1,0,0,0,0,1,0,Bills,2144,425,590,617,613,601,425
0,1,800,18187,1,480,0,40584.69273,8,1,6,171.75,500,6,171.75,84117,1,0,1,0,0,1,0,0,0,1,0,0,Other,3000,577,525,532,653,603,525
0,1,800,28688,1,0,1,40582.26341,8,1,6,171.75,500,6,171.75,57274,1,0,1,0,0,0,0,0,0,0,1,1,Bills,1600,530,540,531,650,567,530
1,1,500,28971,0,0,0,40584.77774,8,1,13,77.39,500,6,77.39,84117,1,0,1,0,0,0,0,1,1,0,0,0,Bills,3660,555,586,603,636,610,555
0,1,800,22646,1,1188,0,40585.02904,8,1,16,113.77,800,8,113.77,84015,1,0,1,0,0,1,0,0,0,0,1,0,Bills,3400,661,645,683,708,649,645
0,1,300,30306,0,350,1,40585.30417,5,1,10,56.82,300,5,56.82,83712,0,0,0,0,0,0,1,0,0,1,0,0,Other,2400,762,623,674,721,610,610
0,1,500,23593,0,705,0,40585.42347,5,1,10,92.17,500,5,92.17,57107,1,0,1,0,0,0,1,0,1,0,0,1,Other,2200,423,585,623,636,614,423
0,1,500,27936,1,0,1,40585.43829,3,1,6,136,500,3,136,84062,1,0,0,0,1,0,0,1,1,0,0,0,Car,1100,579,501,516,612,581,501
1,1,800,22071,0,1123,1,40585.50685,5,1,5,310.25,800,5,310.25,84404,1,0,1,0,0,1,0,0,0,0,1,0,Other,4191,766,620,624,680,631,620
1,1,500,16295,0,640,0,40586.31976,4,1,8,108.48,500,4,108.48,84651,1,0,1,0,0,1,0,0,0,1,0,0,Car,3360,614,569,581,680,612,569
1,1,500,24488,1,1025,0,40586.47225,3,1,6,138.48,500,3,138.48,57013,1,0,1,0,0,1,0,0,0,1,0,0,Other,4000,588,522,517,643,573,517
1,1,800,23380,0,691,1,40588.44494,8,1,13,77.39,500,6,77.39,84119,0,1,1,0,0,0,1,0,0,0,1,0,Other,2096,446,530,566,673,618,446
1,1,800,28039,1,1053,1,40586.74663,8,1,8,231.76,800,8,231.76,83404,1,0,0,0,1,0,0,1,0,0,1,1,Other,3200,669,598,596,680,631,596
0,1,500,28312,0,1200,1,40587.39606,5,1,10,92.17,500,5,92.17,84087,1,0,1,0,0,0,1,0,1,0,0,1,Other,2500,530,605,645,671,627,530
0,1,800,24463,0,450,1,40587.83127,5,1,10,92.17,500,5,92.17,83404,1,0,1,0,0,0,0,0,0,0,1,1,Bills,2520,530,591,631,644,611,530
0,1,500,22804,1,476,0,40588.40326,6,1,13,77.39,500,6,77.39,57055,1,0,1,0,0,0,0,1,0,1,0,1,Car,3400,586,587,628,661,616,586
0,1,500,20114,1,703,1,40588.62453,6,1,6,171.75,500,6,171.75,83646,1,0,0,1,0,0,1,0,0,0,1,0,Bills,1850,579,565,560,680,624,560
1,1,400,25592,0,635,1,40588.6695,6,1,12,67.22,400,6,67.22,83201,1,0,1,0,0,1,0,0,1,0,0,0,Car,3279,438,565,621,651,612,438
0,1,800,29333,1,150,1,40588.7665,8,1,13,77.39,500,6,77.39,84047,0,1,1,0,0,1,0,0,0,0,1,0,Car,2400,582,559,641,648,605,559
0,1,600,23585,0,0,1,40588.77502,4,1,8,130.18,600,4,130.18,84095,0,0,0,1,0,1,0,0,0,0,1,0,Car,2226,541,591,614,662,614,541
1,1,800,19196,0,400,1,40589.32221,8,1,6,171.75,500,6,171.75,84720,1,0,1,0,0,1,0,0,0,0,1,1,Medical,1386,601,539,548,644,589,539
0,1,500,18460,0,200,1,40589.34663,5,1,5,193.91,500,5,193.91,83651,1,0,1,0,0,0,1,0,1,0,0,0,Car,1585,586,543,578,623,574,543
0,1,500,25771,1,800,0,40589.58992,5,1,10,92.17,500,5,92.17,84770,0,1,0,1,0,0,0,0,0,1,0,0,Car,3920,589,523,543,624,597,523
0,1,800,28252,1,700,0,40589.71964,5,1,10,92.17,500,5,92.17,84010,0,0,1,0,0,0,0,1,0,0,1,0,Bills,2400,749,563,547,678,596,547
0,1,400,18730,0,571,1,40590.42892,8,1,8,115.88,400,8,137.4,83702,1,0,0,0,1,0,0,1,0,0,1,1,Other,985,530,624,662,718,603,530
0,1,500,21492,1,1536,1,40598.23139,5,1,10,94.7,500,5,94.7,83333,1,0,0,1,0,0,1,0,1,0,0,1,Bills,4000,273,591,630,659,619,273
0,1,800,20947,1,375,1,40600.39615,6,1,13,77.39,500,6,77.39,84095,1,0,0,1,0,0,1,0,1,0,0,1,Bills (General),1160,492,564,566,680,607,492
1,1,500,23153,1,382,1,40602.29352,5,1,10,92.17,500,5,92.17,57104,1,0,0,1,0,0,1,0,0,0,1,0,Gifts / Leisure,5600,492,583,634,671,627,492
1,1,800,28090,0,400,1,40601.34326,5,1,10,92.17,500,5,92.17,84701,1,0,1,0,0,0,0,1,0,0,1,0,Other,2400,525,539,555,675,589,525
0,1,400,22045,1,250,1,40601.55337,5,1,10,73.74,400,5,73.74,83221,1,0,0,0,0,0,0,1,1,0,0,0,Bills (Auto),930,542,587,617,633,623,542
1,1,500,23965,0,485,1,40602.3638,5,1,5,193.91,500,5,193.91,84120,1,0,1,0,0,1,0,0,0,1,0,0,Pay off loans / overdrawn acct,1000,762,638,688,714,656,638
0,1,800,22145,1,873,1,40602.39716,5,1,10,92.17,500,5,92.17,83646,1,0,0,1,0,0,1,0,0,0,1,1,Bills (Medical),2466,499,559,569,677,608,499
0,1,500,20567,0,645,0,40600.42824,5,1,10,92.17,500,5,92.17,57701,1,0,1,0,0,1,0,0,0,0,1,0,Bills (General),1266,586,578,628,675,619,578
0,1,500,20266,1,945,1,40602.48662,5,1,10,92.17,500,5,92.17,84047,1,0,0,0,0,0,0,0,0,0,1,1,Bills (General),1300,522,572,621,620,604,522
0,1,800,28945,0,375,1,40602.67319,5,1,10,92.17,500,5,92.17,83401,1,0,1,0,0,0,0,0,0,0,1,0,Bills (General),3850,536,501,554,623,582,501
0,1,800,23285,0,1200,1,40603.37625,8,1,6,171.75,500,6,171.75,83607,1,0,1,0,0,1,0,0,1,0,0,0,Other,3133,614,516,542,631,562,516
1,1,500,20944,0,0,1,40603.4167,5,1,5,193.91,500,5,193.91,83237,1,0,1,0,0,0,1,0,0,0,1,0,Other,1173,616,513,540,627,603,513
0,1,700,30901,0,0,1,40603.53369,7,1,13,77.39,500,6,77.39,84660,1,0,1,0,0,0,0,0,0,0,1,0,Other,1860,617,576,603,653,592,576
0,1,500,14199,1,0,0,40600.52899,6,1,6,171.75,500,6,171.75,57201,1,0,1,0,0,0,0,0,0,0,1,0,Bills (Auto),1887,748,536,543,624,567,536
0,1,500,25177,1,0,0,40603.54154,5,1,10,92.17,500,5,92.17,83404,1,0,0,1,0,1,0,0,0,0,1,1,Other,3000,530,511,525,628,581,511
1,1,500,25224,1,400,1,40603.60735,5,1,10,92.17,500,5,92.17,83301,1,0,0,1,0,1,0,0,1,0,0,0,Rent / Mortgage,1200,501,576,605,638,593,501
1,1,500,24712,0,750,1,40603.61324,8,1,13,77.39,500,6,77.39,84401,1,0,1,0,0,1,0,0,1,0,0,1,Other,3500,718,594,589,649,582,582
0,1,600,25551,0,829,1,40610.58863,6,1,13,77.39,500,6,77.39,83605,1,0,1,0,0,0,0,1,0,0,1,1,Other,2197,499,509,508,642,570,499
0,1,300,24166,1,1100,1,40610.67804,5,1,10,56.82,300,5,56.82,57445,1,0,0,1,0,1,0,0,1,0,0,1,Bills (General),7600,765,601,641,671,627,601
1,1,500,29994,1,400,1,40603.53334,5,1,10,92.17,500,5,92.17,84120,1,0,0,1,0,0,0,1,0,0,1,0,Bills (Auto),3200,564,513,547,660,578,513
0,1,500,26631,1,525,1,40604.54438,5,1,10,94.7,500,5,94.7,84606,1,0,0,0,0,0,0,0,0,0,1,0,Other,670,719,571,639,649,617,571
1,1,300,28927,1,575,1,40604.71927,3,1,6,81.6,300,3,81.6,57745,1,0,0,0,0,1,0,0,0,0,1,0,Other,2200,719,647,687,705,600,600
0,1,400,22856,0,500,0,40611.12325,4,1,8,86.79,400,4,86.79,57106,1,0,1,0,0,0,1,0,0,0,1,1,Bills (General),1640,677,555,583,668,594,555
1,1,300,21758,0,0,0,40611.36809,5,1,5,116.34,300,5,116.34,57709,1,0,1,0,0,1,0,0,0,1,0,0,Bills (Auto),1438,290,610,648,693,627,290
1,1,300,21456,1,100,1,40611.43549,5,1,5,116.34,300,5,116.34,84039,1,0,1,0,0,0,0,0,0,0,1,1,Bills (General),665,670,530,563,670,583,530
0,1,800,18308,1,795,1,40605.68153,8,1,6,171.75,500,6,171.75,83706,1,0,1,0,0,1,0,0,0,1,0,0,Other,4141,705,513,519,640,585,513
0,1,500,29928,1,0,1,40600.69669,3,1,6,136,500,3,136,84025,1,0,0,0,0,1,0,0,0,0,1,0,Bills (General),3440,546,602,635,671,619,546
1,1,500,17145,0,1120,1,40606.55753,6,1,6,171.75,500,6,171.75,83706,0,1,1,0,0,0,0,0,0,0,1,1,Bills (General),3500,763,627,650,667,643,627
0,1,800,20945,0,601,1,40606.74244,8,1,13,77.39,500,6,77.39,83864,1,0,1,0,0,1,0,0,1,0,0,0,Other,1500,583,536,543,673,576,536
0,1,300,29721,1,650,1,40607.27735,8,1,13,46.43,300,6,46.43,83605,1,0,1,0,0,0,1,0,1,0,0,1,Bills (Auto),1100,645,518,536,621,582,518
1,1,800,26199,1,900,1,40607.59289,6,1,12,84.03,500,6,84.03,84084,1,0,0,1,0,0,1,0,1,0,0,0,Bills (General),4400,762,544,547,680,569,544
0,1,800,29203,1,850,1,40607.83318,8,1,17,105.88,800,8,105.88,84078,0,0,0,1,0,1,0,0,0,0,1,0,Bills (General),5800,530,541,602,596,595,530
0,1,500,21048,0,558,1,40608.95495,5,1,10,92.17,500,5,92.17,84404,1,0,1,0,0,1,0,0,1,0,0,0,Bills (Auto),4032,492,568,587,680,628,492
0,1,400,27235,0,640,1,40609.36137,5,1,10,73.74,400,5,73.74,84401,1,0,0,0,1,0,1,0,0,0,1,1,Bills (Auto),3080,708,587,631,672,605,587
0,1,800,25553,1,750,0,40609.42509,6,1,12,84.03,500,6,84.03,84074,1,0,1,0,0,0,1,0,0,0,1,0,Bills (Medical),2360,538,522,509,631,586,509
1,1,500,16626,1,377,1,40609.51017,5,1,5,193.91,500,5,193.91,84041,1,0,0,1,0,1,0,0,0,1,0,1,Bills (Auto),2800,757,583,598,680,605,583
1,1,500,22154,1,0,1,40611.6569,3,1,6,138.48,500,3,138.48,84512,1,0,0,0,0,0,0,0,0,0,1,0,Other,2008,716,556,583,680,621,556
0,1,600,32871,0,400,1,40605.18003,8,1,6,171.75,500,6,171.75,84057,1,0,1,0,0,1,0,0,0,0,1,1,Rent / Mortgage,800,616,526,555,618,571,526
0,1,500,21455,1,0,1,40609.3725,5,1,5,193.91,500,5,193.91,57058,1,0,0,0,1,1,0,0,0,0,1,0,Bills (Auto),1504,596,550,539,668,578,539
0,1,600,22707,1,0,1,40612.58822,5,1,10,110.61,600,5,110.61,83202,1,0,0,0,0,1,0,0,0,1,0,0,Bills (Home / Utilities),1612,410,604,657,700,637,410
1,1,500,32932,0,275,1,40612.90382,5,1,5,193.91,500,5,193.91,57069,1,0,1,0,0,1,0,0,1,0,0,1,Rent / Mortgage,1600,716,570,618,596,571,570
1,1,800,19216,0,450,1,40612.97442,8,1,17,105.88,800,8,105.88,84106,1,0,1,0,0,1,0,0,0,1,0,0,Pay off loans / overdrawn acct,3200,521,609,632,644,637,521
1,1,500,22136,1,400,0,40613.39997,5,1,10,92.17,500,5,92.17,84111,1,0,1,0,0,1,0,0,1,0,0,0,Bills (General),600,638,580,620,641,600,580
0,1,800,26894,0,1100,1,40611.5592,8,1,13,77.39,500,6,77.39,84005,1,0,1,0,0,0,0,1,1,0,0,1,Bills (General),2400,616,573,565,658,615,565
0,1,400,27573,0,300,0,40611.74685,4,1,8,86.79,400,4,86.79,57248,1,0,1,0,0,1,0,0,0,0,1,1,Bills (Auto),1080,521,615,664,725,609,521
1,1,500,27627,1,375,1,40611.75104,5,1,5,193.91,500,5,193.91,84660,1,0,0,0,1,1,0,0,1,0,0,0,Bills (Auto),1300,585,581,634,663,616,581
1,1,800,28408,1,739,1,40611.79588,8,1,13,77.39,500,6,77.39,84119,1,0,1,0,0,0,1,0,0,0,1,0,Bills (Auto),1350,616,501,501,501,546,501
1,1,500,23113,1,325,0,40611.84866,6,1,13,77.39,500,6,77.39,57201,1,0,0,0,1,0,0,0,0,0,1,0,Bills (General),5400,713,564,568,636,579,564
1,1,600,32505,0,200,0,40612.15185,8,0,13,77.39,500,6,77.39,83854,0,0,0,0,0,0,0,0,0,0,0,0,Bills (Auto),2600,584,501,555,663,560,501
1,1,500,20005,1,325,1,40612.47519,8,1,6,171.75,500,6,171.75,83704,1,0,1,0,0,0,0,0,0,0,1,0,Bills (General),1300,616,501,501,602,572,501
1,1,800,22825,1,1450,0,40614.02345,8,1,8,231.76,800,8,231.76,84043,1,0,0,0,1,0,0,0,0,0,1,1,School,3300,785,573,561,680,619,561
0,1,300,29110,1,1500,1,40614.36892,3,1,6,81.6,300,3,81.6,84058,1,0,1,0,0,1,0,0,1,0,0,0,Bills (Home / Utilities),4100,544,612,619,627,605,544
0,1,800,22494,1,725,1,40614.58985,5,1,10,92.17,500,5,92.17,83706,1,0,0,1,0,0,0,0,0,0,1,0,Bills (General),3400,582,604,622,670,613,582
1,1,700,19113,1,300,1,40614.94071,3,1,3,398.56,700,3,398.56,83318,1,0,0,0,0,1,0,0,0,0,1,0,Bills (General),2356,735,593,653,687,639,593
0,1,500,19904,1,325,1,40615.3222,5,1,5,193.91,500,5,193.91,83858,1,0,1,0,0,1,0,0,0,0,1,0,Bills (Auto),1172,765,531,543,680,591,531
1,1,500,25918,1,287,1,40616.24297,5,1,5,193.91,500,5,193.91,83619,1,0,1,0,0,1,0,0,1,0,0,0,Bills (Medical),4600,521,516,552,644,596,516
1,1,800,26133,0,475,1,40616.61502,8,1,13,77.39,500,6,77.39,83702,1,0,1,0,0,1,0,0,1,0,0,0,Bills (General),1440,621,532,597,656,593,532
0,1,500,29425,1,624,1,40616.66008,5,1,10,92.17,500,5,92.17,84123,1,0,0,0,0,0,0,0,0,0,1,0,Bills (General),3200,716,556,593,651,605,556
1,1,300,27129,1,600,1,40616.72313,3,1,6,81.6,300,3,81.6,83706,1,0,1,0,0,0,1,0,0,0,1,0,Bills (Auto),1600,645,565,632,655,594,565
0,1,500,31481,0,400,1,40609.93036,8,1,13,77.39,500,6,77.39,83712,0,1,1,0,0,1,0,0,1,0,0,0,Other,1700,542,617,634,712,592,542
0,1,400,28313,0,400,1,40618.54534,8,1,13,61.91,400,6,61.91,84044,1,0,0,1,0,0,1,0,1,0,0,1,Bills (Auto),640,252,564,629,652,589,252
1,1,400,28333,0,1054,1,40618.66193,5,1,10,75.76,400,5,75.76,84123,1,0,1,0,0,0,0,0,1,0,0,1,Bills (Auto),1600,576,589,607,680,628,576
0,1,800,26032,1,250,0,40610.69816,7,1,12,84.03,500,6,84.03,84118,0,0,1,0,0,0,0,1,0,0,1,1,Pay off loans / overdrawn acct,1400,555,518,507,615,583,507
1,1,500,25174,1,150,1,40617.49375,5,1,5,193.91,500,5,193.91,57401,1,0,0,0,1,1,0,0,0,0,1,0,Other,3350,528,534,556,647,597,528
0,1,800,28527,1,0,0,40617.54409,8,1,6,171.75,500,6,171.75,84044,1,0,1,0,0,1,0,0,0,0,1,0,Bills (Auto),1190,541,571,643,648,602,541
1,1,500,29184,1,0,1,40617.59176,3,1,6,138.48,500,3,138.48,83440,1,0,0,0,1,1,0,0,0,0,1,0,Bills (General),5500,645,532,567,676,608,532
0,1,800,31736,1,0,1,40617.64874,8,1,13,77.39,500,6,77.39,84119,1,0,0,1,0,0,0,0,0,0,1,0,Other,1000,760,637,674,726,600,600
0,1,800,26211,0,1000,1,40618.04698,6,1,13,77.39,500,6,77.39,83401,1,0,1,0,0,1,0,0,0,1,0,0,Bills (Medical),3200,550,538,553,660,604,538
1,1,800,29481,1,550,0,40618.30669,8,1,16,113.77,800,8,113.77,84720,1,0,1,0,0,0,0,0,0,1,0,0,Other,3400,305,566,639,676,617,305
0,1,500,24122,1,0,1,40618.37272,5,1,10,92.17,500,5,92.17,84103,1,0,0,1,0,1,0,0,1,0,0,0,Bills (Auto),2000,785,502,546,675,565,502
1,1,500,16963,1,200,1,40618.4726,6,1,12,84.03,500,6,84.03,83325,1,0,1,0,0,1,0,0,1,0,0,1,Bills (General),4652,547,560,594,680,624,547
0,1,700,33828,1,250,0,40619.11902,6,1,13,77.39,500,6,77.39,84401,1,0,1,0,0,1,0,0,0,1,0,0,Bills (Auto),1400,574,598,619,649,574,574
0,1,800,23644,1,595,1,40619.34262,8,1,13,77.39,500,6,77.39,83440,1,0,1,0,0,1,0,0,0,0,1,1,Bills (General),2198,543,539,532,629,598,532
1,1,600,23228,1,0,1,40619.40023,5,1,10,92.17,500,5,92.17,83201,1,0,1,0,0,1,0,0,0,0,1,0,Other,2200,765,526,566,661,606,526
1,1,700,19748,1,900,0,40619.40458,6,1,6,240.46,700,6,240.46,83245,1,0,1,0,0,1,0,0,0,1,0,0,Bills (Medical),2340,541,615,642,683,629,541
1,1,800,21806,0,920,0,40619.44837,6,1,12,134.45,800,6,134.45,84065,1,0,1,0,0,0,1,0,0,0,1,0,Other,6100,425,618,679,723,639,425
0,1,500,29002,1,350,1,40619.47965,5,1,10,94.7,500,5,94.7,57078,1,0,1,0,0,1,0,0,0,1,0,1,Bills (Auto),1700,529,524,543,642,587,524
1,1,800,28122,1,1839,1,40623.36256,8,1,8,231.76,800,8,231.76,84404,1,0,0,1,0,0,0,0,0,0,1,0,Pay off loans / overdrawn acct,6000,735,586,563,680,619,563
0,1,800,25650,1,1200,1,40623.58574,8,1,13,77.39,500,6,77.39,83646,1,0,0,0,1,0,0,0,0,0,1,0,Bills (Medical),3600,530,597,638,680,608,530
0,1,500,29126,0,500,0,40623.58682,5,1,10,92.17,500,5,92.17,83241,1,0,1,0,0,1,0,0,0,0,1,0,Bills (Auto),1800,661,511,585,582,577,511
1,1,800,24331,0,0,0,40618.80375,8,1,6,171.75,500,6,171.75,83849,1,0,1,0,0,1,0,0,1,0,0,0,Bills (Medical),2500,50,543,554,642,600,50
1,1,800,23074,0,250,1,40619.07238,8,1,8,231.76,800,8,231.76,84651,1,0,1,0,0,1,0,0,0,1,0,0,Bills (General),2050,561,637,678,700,648,561
1,1,800,19441,1,200,0,40619.45604,8,1,13,77.39,500,6,77.39,83815,1,0,0,1,0,0,0,1,0,1,0,0,Other,1640,583,547,556,680,599,547
0,1,800,26669,0,0,1,40619.72712,5,1,10,92.17,500,5,92.17,84601,1,0,1,0,0,1,0,0,1,0,0,0,Bills (General),1150,538,533,545,624,566,533
1,1,500,26794,0,400,0,40620.42027,5,1,10,92.17,500,5,92.17,83709,1,0,1,0,0,0,0,0,0,0,1,0,Bills (General),1340,754,530,572,638,600,530
1,1,800,16923,0,1000,1,40620.45238,8,1,17,105.88,800,8,105.88,84020,1,0,1,0,0,1,0,0,0,0,1,0,Bills (General),2600,544,581,640,659,635,544
1,2,500,24038,0,1500,1,40536.64275,5,1,5,193.91,500,5,171.47,84738,1,0,1,0,0,0,1,0,1,0,0,0,Other,3752,677,613,643,689,622,613
0,1,500,27961,0,605,1,40625.50473,8,1,13,77.39,500,6,77.39,84010,1,0,1,0,0,1,0,0,1,0,0,0,Bills (General),1640,50,561,557,656,613,50
0,1,500,20664,0,200,1,40625.58545,8,1,8,144.85,500,8,144.85,83714,1,0,1,0,0,1,0,0,0,0,1,0,Bills (Auto),2800,453,565,563,630,613,453
1,1,800,27585,1,1500,1,40625.68324,7,1,15,113.56,800,7,113.56,84062,1,0,0,0,0,0,0,0,0,0,1,0,Bills (Auto),4878,766,603,627,681,618,603
0,1,500,26454,1,595,1,40625.71933,6,1,6,171.75,500,6,171.75,57103,1,0,0,1,0,0,0,0,0,0,1,1,Bills (Home / Utilities),1800,354,537,536,653,576,354
1,1,700,22403,1,300,1,40625.76125,5,1,10,92.17,500,5,92.17,84302,1,0,1,0,0,1,0,0,0,0,1,1,Other,1932,624,537,573,674,609,537
1,1,700,24601,0,595,1,40620.37067,8,1,6,171.75,500,6,171.75,83404,1,0,0,0,0,0,0,1,1,0,0,0,Bills (General),1500,297,543,564,655,603,297
1,1,300,28688,1,399,1,40620.63591,8,1,13,46.43,300,6,46.43,83236,1,0,0,0,1,0,0,0,0,0,1,0,Other,920,765,501,513,640,557,501
1,1,300,21290,1,955,1,40620.64663,8,1,13,46.43,300,6,46.43,84084,1,0,0,0,1,0,0,0,1,0,0,0,Bills (General),2600,243,553,561,654,603,243
0,1,800,26980,1,500,1,40620.95291,8,1,8,231.76,800,8,231.76,83338,1,0,0,0,0,0,0,1,0,0,1,0,Bills (General),3800,405,604,651,668,635,405
1,1,800,23729,1,605,1,40621.51701,8,1,17,105.88,800,8,105.88,57225,1,0,0,0,1,0,0,1,1,0,0,0,Bills (Medical),5200,638,670,737,797,641,638
0,1,500,25109,1,205,1,40621.53999,5,1,10,94.7,500,5,94.7,84720,1,0,1,0,0,0,1,0,0,0,1,0,Bills (General),1200,538,560,569,675,579,538
1,1,800,24749,1,825,1,40621.64263,5,1,10,147.47,800,5,147.47,84074,1,0,1,0,0,1,0,0,1,0,0,1,Other,2800,595,543,508,645,580,508
1,1,500,20637,0,300,0,40622.51517,5,1,10,92.17,500,5,92.17,57719,1,0,1,0,0,1,0,0,0,0,1,0,Bills (Auto),2576,231,594,642,681,623,231
1,1,600,18188,1,820,1,40622.53903,6,1,13,92.87,600,6,92.87,84084,1,0,1,0,0,0,0,1,0,0,1,1,Bills (Auto),3432,762,614,668,703,637,614
0,1,700,14767,1,175,0,40623.23192,8,1,8,202.79,700,8,202.79,84047,0,1,1,0,0,1,0,0,1,0,0,0,Bills (General),1710,668,535,590,663,594,535
0,1,800,29042,0,1200,1,40623.4191,3,1,6,221.57,800,3,221.57,84047,0,1,1,0,0,1,0,0,0,0,1,0,Other,11000,572,595,639,659,635,572
1,1,800,20338,1,960,1,40626.4345,8,1,8,231.76,800,8,231.76,83872,1,0,0,0,0,0,0,0,0,1,0,0,Bills (Medical),3700,660,561,568,680,611,561
1,1,800,25278,1,600,1,40623.71756,8,1,17,105.88,800,8,105.88,83338,1,0,0,0,0,0,0,1,0,0,1,0,Bills (Home / Utilities),2180,515,551,558,680,610,515
0,1,500,26295,1,950,1,40624.40697,6,1,13,77.39,500,6,77.39,84010,1,0,1,0,0,1,0,0,0,0,1,0,Bills (Medical),3800,771,604,625,664,606,604
1,1,500,22637,0,0,1,40624.44147,5,1,5,193.91,500,5,193.91,83301,1,0,1,0,0,1,0,0,0,0,1,0,Bills (Home / Utilities),4700,534,546,565,664,591,534
1,1,700,26832,0,400,1,40624.44464,8,1,13,77.39,500,6,77.39,57058,1,0,1,0,0,1,0,0,1,0,0,0,Bills (Home / Utilities),1400,528,597,631,654,598,528
1,1,400,18839,1,812,1,40624.55507,3,1,6,108.8,400,3,108.8,84074,1,0,1,0,0,1,0,0,0,1,0,0,Bills (Medical),1112,717,616,710,757,629,616
0,1,800,23747,0,950,1,40624.56661,8,1,13,77.39,500,6,77.39,84020,1,0,1,0,0,1,0,0,1,0,0,1,Bills (Medical),2800,530,552,538,675,601,530
0,1,400,24664,0,100,1,40624.5744,6,1,13,61.91,400,6,61.91,57103,1,0,1,0,0,1,0,0,0,0,1,0,Bills (Medical),1550,581,578,611,643,607,578
1,1,800,29266,1,375,1,40626.91442,8,1,12,84.03,500,6,84.03,83646,1,0,1,0,0,1,0,0,0,0,1,0,Bills (General),2404,715,570,595,570,584,570
0,1,700,25936,1,475,1,40627.44855,5,1,5,193.91,500,5,193.91,83204,1,0,1,0,0,1,0,0,1,0,0,0,Bills (General),3500,716,556,548,607,589,548
1,1,300,27915,1,250,1,40627.56182,3,1,3,170.81,300,3,170.81,57262,1,0,0,1,0,1,0,0,0,0,1,0,Bills (General),850,539,590,684,746,614,539
0,1,800,31260,0,0,1,40627.60331,8,1,6,171.75,500,6,171.75,84404,0,1,1,0,0,1,0,0,0,0,1,0,Bills (Auto),1500,668,534,594,586,562,534
1,1,500,19917,1,320,1,40624.61894,5,1,5,193.91,500,5,193.91,57785,1,0,0,1,0,0,1,0,0,0,1,0,Pay off loans / overdrawn acct,1099,577,638,711,741,632,577
0,1,500,32130,1,300,0,40625.7672,5,1,10,92.17,500,5,92.17,83234,1,0,1,0,0,0,1,0,0,0,1,0,Bills (Auto),1400,530,506,548,620,567,506
0,1,500,25265,1,0,0,40625.78497,5,1,10,92.17,500,5,92.17,84015,1,0,0,0,0,1,0,0,0,1,0,0,Bills (Auto),3000,329,597,649,666,620,329
1,1,700,19626,1,450,1,40625.90926,8,1,17,92.64,700,8,92.64,84513,1,0,1,0,0,0,0,0,1,0,0,1,Bills (General),1000,50,594,618,650,608,50
0,1,500,31902,1,350,1,40626.29598,5,1,5,193.91,500,5,193.91,84043,0,0,1,0,0,0,0,0,1,0,0,1,Bills (Home / Utilities),1500,655,605,661,727,617,605
0,1,800,30963,1,1300,1,40626.41906,8,1,6,171.75,500,6,171.75,84790,1,0,1,0,0,0,1,0,1,0,0,0,Bills (Auto),4251,661,501,509,643,555,501
1,1,300,22608,0,782,0,40624.63032,3,0,6,83.09,300,3,83.09,57062,0,0,0,0,0,0,0,0,0,0,0,0,Pay off loans / overdrawn acct,2096,492,552,573,680,606,492
1,1,500,30716,1,400,1,40626.45124,5,1,10,92.17,500,5,92.17,84401,1,0,1,0,0,1,0,0,1,0,0,0,Bills (General),2700,544,590,626,640,613,544
1,1,800,26002,1,915,1,40626.46837,8,1,16,113.77,800,8,113.77,83854,1,0,1,0,0,0,0,0,0,0,1,0,Bills (General),1600,603,582,640,702,624,582
1,1,600,26781,0,518,1,40626.53791,6,1,13,77.39,500,6,77.39,84067,1,0,0,1,0,0,0,0,0,0,1,0,Bills (Medical),2000,544,582,624,659,614,544
1,1,800,25794,1,850,1,40626.58617,6,1,12,84.03,500,6,84.03,84720,1,0,0,1,0,1,0,0,0,0,1,0,Bills (Medical),3288,583,629,653,684,609,583
0,2,300,15840,1,200,0,40551.30326,3,1,3,170.81,300,3,156.82,84044,1,0,0,0,1,0,0,0,1,0,0,0,Other,1487,568,538,545,680,590,538
1,1,500,30080,0,800,0,40624.63935,5,1,5,193.91,500,5,193.91,84058,1,0,0,0,0,1,0,0,1,0,0,0,Bills (General),2000,586,533,557,674,589,533
0,1,800,30404,0,500,1,40630.69209,5,1,10,94.7,500,5,94.7,84110,1,0,1,0,0,1,0,0,0,1,0,1,Bills (Home / Utilities),2127,547,581,617,672,602,547
1,1,800,21856,1,741,1,40630.79795,8,1,16,113.77,800,8,113.77,83709,1,0,1,0,0,0,0,1,0,0,1,0,School,4600,642,652,671,711,654,642
0,1,300,25877,0,310,1,40630.79987,5,1,5,116.34,300,5,116.34,57747,1,0,0,1,0,1,0,0,0,1,0,0,Other,1244,513,538,556,680,597,513
1,1,500,15250,0,0,1,40631.24362,5,1,5,193.91,500,5,193.91,83849,1,0,0,1,0,1,0,0,0,0,1,0,Bills (General),2400,50,551,582,680,615,50
1,1,700,20022,1,1353,0,40631.38481,6,1,12,117.64,700,6,117.64,84062,1,0,0,0,0,0,1,0,0,1,0,0,Other,5700,543,656,679,729,648,543
1,1,800,21899,1,232,1,40624.66628,8,1,6,171.75,500,6,171.75,84601,1,0,1,0,0,0,1,0,1,0,0,0,Other,1250,541,611,703,747,610,541
0,1,800,30370,1,570,1,40624.69889,6,1,13,77.39,500,6,77.39,84010,1,0,0,1,0,1,0,0,1,0,0,0,Bills (Auto),2800,539,678,668,720,617,539
1,1,600,20590,0,300,1,40624.73834,8,1,13,77.39,500,6,77.39,83401,0,1,1,0,0,0,1,0,0,1,0,0,Bills (Auto),1666,681,514,545,645,569,514
1,1,500,28788,0,750,0,40625.21918,5,1,10,92.17,500,5,92.17,84790,1,0,0,0,1,1,0,0,0,1,0,0,Other,2200,616,599,630,690,630,599
1,1,500,26943,1,630,1,40625.36142,5,1,10,94.7,500,5,94.7,57401,1,0,1,0,0,1,0,0,1,0,0,1,Bills (Auto),2000,763,580,637,681,598,580
0,1,600,29281,0,1500,1,40625.4233,4,1,8,130.18,600,4,130.18,84058,1,0,1,0,0,1,0,0,1,0,0,1,Bills (General),2800,745,673,719,734,636,636
1,1,800,29937,0,710,1,40628.57347,5,1,10,147.47,800,5,147.47,83642,1,0,1,0,0,1,0,0,0,1,0,1,Pay off loans / overdrawn acct,2400,521,552,608,633,596,521
0,1,700,18832,1,650,1,40631.40442,5,1,5,193.91,500,5,193.91,84108,1,0,1,0,0,0,0,0,1,0,0,1,Bills (General),3000,719,522,541,629,587,522
0,1,800,26441,1,568,1,40630.8174,8,1,12,84.03,500,6,84.03,84081,1,0,0,0,0,1,0,0,0,0,1,0,Other,3800,521,531,596,641,603,521
0,1,800,28557,1,325,0,40631.5585,8,1,12,84.03,500,6,84.03,83705,1,0,1,0,0,0,1,0,0,0,1,0,Bills (Auto),2675,612,533,545,639,601,533
0,1,600,22571,1,689,1,40631.74435,8,1,13,77.39,500,6,77.39,84047,1,0,1,0,0,1,0,0,0,0,1,0,Bills (General),2138,712,571,611,663,593,571
0,1,500,26359,1,750,0,40632.23132,5,1,10,92.17,500,5,92.17,57106,1,0,0,1,0,1,0,0,0,1,0,1,Pay off loans / overdrawn acct,4400,589,582,625,645,612,582
0,1,800,20676,1,475,1,40628.63867,8,1,13,77.39,500,6,77.39,57237,1,0,0,0,0,1,0,0,0,0,1,0,Bills (General),2200,715,535,537,640,591,535
1,1,300,29960,1,350,1,40632.3523,3,1,6,83.09,300,3,83.09,84003,1,0,0,1,0,1,0,0,0,0,1,0,Bills (Home / Utilities),1400,677,611,657,724,626,611
0,1,500,25305,1,850,1,40632.36509,4,1,8,110.97,500,4,110.97,84511,1,0,1,0,0,1,0,0,1,0,0,0,Bills (General),4000,768,540,596,589,601,540
1,1,800,24145,1,837,1,40632.39779,8,1,16,113.77,800,8,113.77,84405,1,0,1,0,0,0,1,0,0,1,0,0,Bills (General),2816,536,677,723,752,640,536
1,1,300,30939,1,300,1,40636.78117,3,1,3,170.81,300,3,170.81,84119,1,0,0,1,0,0,1,0,0,1,0,0,Bills (Auto),792,536,622,665,704,586,536
1,1,800,30842,1,750,1,40637.1709,6,1,12,84.03,500,6,84.03,84010,0,0,0,0,0,0,0,0,0,0,1,0,Bills (General),1300,567,588,640,662,611,567
0,1,800,31016,1,400,1,40629.64272,8,1,12,84.03,500,6,84.03,83634,1,0,1,0,0,1,0,0,0,0,1,0,Bills (General),1300,670,568,617,668,596,568
1,1,400,19624,1,0,1,40638.3281,5,1,10,73.74,400,5,73.74,83626,1,0,1,0,0,1,0,0,0,0,1,0,Bills (Home / Utilities),1920,660,553,565,674,603,553
0,1,800,13507,1,1208,1,40638.47072,6,1,6,274.81,800,6,274.81,83686,1,0,0,0,1,0,0,1,0,1,0,0,Bills (Home / Utilities),3872,678,697,743,781,627,627
0,1,800,28480,0,300,1,40638.96759,8,1,16,113.77,800,8,113.77,84074,1,0,1,0,0,1,0,0,0,1,0,1,Bills (Medical),3148,546,576,607,674,589,546
1,1,500,14560,0,1110,0,40639.79463,6,1,6,171.75,500,6,171.75,84067,1,0,1,0,0,1,0,0,0,1,0,0,Other,3481,550,591,558,659,598,550
1,1,800,16602,1,800,1,40639.92056,3,1,3,455.5,800,3,455.5,84041,1,0,0,0,1,0,0,0,1,0,0,1,Other,2992,576,631,665,657,630,576
1,1,300,27781,1,825,1,40630.33888,5,1,10,56.82,300,5,56.82,83404,1,0,1,0,0,1,0,0,0,1,0,0,Bills (Medical),3915,540,543,573,645,603,540
0,1,500,28545,1,350,0,40637.52429,5,1,5,193.91,500,5,193.91,57022,1,0,1,0,0,1,0,0,0,1,0,0,Bills (Auto),1571,544,517,539,628,582,517
1,1,800,17174,0,0,0,40637.61505,6,1,13,123.82,800,6,123.82,83712,1,0,1,0,0,1,0,0,0,0,1,1,Pay off loans / overdrawn acct,2086,589,547,565,680,605,547
1,2,500,19797,0,960,0,40497.78324,5,1,5,193.91,500,5,171.47,84041,1,0,1,0,0,0,0,0,1,0,0,0,Other,3400,591,607,612,680,640,591
1,1,500,21556,1,1200,1,40638.30624,5,1,5,193.91,500,5,193.91,84124,1,0,0,0,1,1,0,0,0,1,0,0,Bills (Medical),4200,586,575,646,716,612,575
0,1,800,29678,0,425,1,40632.48649,8,1,13,77.39,500,6,77.39,83843,1,0,1,0,0,0,0,1,1,0,0,0,Bills (Home / Utilities),2200,521,522,593,569,574,521
1,1,800,22567,1,750,1,40632.53692,7,1,7,249.97,800,7,249.97,83647,1,0,0,0,1,1,0,0,1,0,0,1,Rent / Mortgage,4324,734,607,614,687,602,602
0,1,700,20037,1,480,0,40632.63581,5,1,10,94.7,500,5,94.7,57701,1,0,1,0,0,0,1,0,0,1,0,0,Other,3160,541,525,516,633,577,516
1,1,800,22620,1,1895,1,40632.63868,4,1,4,364.28,800,4,364.28,84098,1,0,1,0,0,1,0,0,1,0,0,1,Bills (Auto),7000,597,613,656,691,646,597
0,1,600,27750,0,675,0,40632.97961,6,0,13,92.87,600,6,92.87,84106,0,0,0,0,0,0,0,0,0,0,0,0,Other,2050,492,634,683,742,627,492
1,1,800,30856,0,625,1,40633.33007,8,1,6,171.75,500,6,171.75,83204,1,0,1,0,0,0,0,0,0,0,1,0,Bills (General),2000,538,590,644,684,590,538
0,1,500,29794,0,500,1,40633.42911,5,1,5,193.91,500,5,193.91,84115,1,0,1,0,0,0,0,1,1,0,0,1,Bills (General),3100,573,622,657,726,629,573
1,1,700,19947,1,450,1,40633.5139,6,1,12,117.64,700,6,117.64,84601,0,1,1,0,0,1,0,0,1,0,0,1,Other,2735,734,582,623,674,632,582
0,1,800,19556,0,485,0,40636.58476,8,1,13,77.39,500,6,77.39,83686,1,0,0,0,0,0,1,0,0,0,1,0,Other,1980,559,523,528,643,585,523
1,1,500,32325,1,350,1,40637.60426,5,1,10,92.17,500,5,92.17,57701,1,0,0,0,0,1,0,0,1,0,0,0,Bills (General),600,734,585,628,703,584,584
0,1,400,29411,1,550,1,40637.83153,3,1,6,108.8,400,3,108.8,83709,1,0,0,1,0,0,1,0,0,1,0,1,Bills (General),3392,564,554,603,628,616,554
1,1,500,19347,1,180,1,40633.35503,8,1,8,144.85,500,8,144.85,57701,1,0,1,0,0,1,0,0,1,0,0,0,Bills (Auto),974,305,563,640,682,612,305
0,1,500,21640,1,200,1,40633.6051,5,1,10,92.17,500,5,92.17,84116,1,0,0,1,0,0,0,0,0,0,1,0,Other,1800,573,530,542,672,571,530
1,1,600,32533,0,0,0,40633.63036,6,0,12,84.03,500,6,84.03,84321,0,0,0,0,0,0,0,0,0,0,0,0,School,520,530,666,672,710,617,530
0,1,600,30097,1,450,1,40633.73071,5,1,10,94.7,500,5,94.7,83338,1,0,0,0,1,0,1,0,1,0,0,0,Bills (General),1680,473,613,644,689,593,473
1,1,400,25898,0,985,0,40634.28222,8,1,17,52.94,400,8,52.94,84128,1,0,0,1,0,0,1,0,1,0,0,0,Bills (General),1800,593,576,567,662,621,567
0,1,800,32140,1,475,1,40634.36376,8,1,13,77.39,500,6,77.39,84542,1,0,1,0,0,0,1,0,0,1,0,0,Bills (Medical),1600,621,532,584,629,572,532
0,1,800,27335,1,900,1,40634.46231,8,1,16,113.77,800,8,113.77,84088,1,0,1,0,0,0,0,1,0,0,1,0,Other,2440,589,589,635,648,621,589
1,1,800,17807,1,0,1,40639.6786,8,1,17,105.88,800,8,105.88,84123,1,0,0,1,0,1,0,0,0,0,1,0,Pay off loans / overdrawn acct,2300,583,625,660,705,653,583
0,1,800,30376,1,250,1,40639.69215,5,1,10,92.17,500,5,92.17,84067,1,0,0,1,0,0,0,0,0,0,1,0,Bills (General),2000,577,567,642,644,602,567
0,1,500,32353,1,250,1,40639.69652,3,1,6,136,500,3,136,84013,1,0,1,0,0,0,1,0,1,0,0,1,Other,1830,541,640,677,728,610,541
0,1,500,33689,1,0,1,40639.81078,5,1,10,94.7,500,5,94.7,84097,1,0,1,0,0,0,1,0,0,0,1,0,Other,1300,640,583,596,641,561,561
1,1,700,22371,1,0,1,40640.42771,8,1,13,77.39,500,6,77.39,83636,1,0,0,0,1,0,0,1,0,1,0,0,Bills (General),2750,50,618,657,687,625,50
1,1,500,23898,1,0,1,40634.48684,5,1,5,193.91,500,5,193.91,83639,1,0,1,0,0,0,1,0,0,1,0,0,Bills (General),1300,616,579,587,680,586,579
0,1,700,28068,0,875,1,40640.43646,8,1,13,77.39,500,6,77.39,83835,1,0,1,0,0,1,0,0,0,0,1,0,School,2138,546,509,540,667,578,509
0,1,300,26382,1,0,0,40640.63522,4,1,8,65.09,300,4,65.09,84070,1,0,0,1,0,0,1,0,0,0,1,0,Bills (Auto),2400,674,617,657,666,621,617
0,1,500,28166,1,1200,1,40640.7245,8,1,8,144.85,500,8,144.85,84020,1,0,0,0,1,1,0,0,0,1,0,0,Bills (General),3500,765,582,590,680,616,582
0,1,500,26005,0,1100,1,40640.75502,5,1,10,92.17,500,5,92.17,84088,1,0,1,0,0,1,0,0,0,0,1,0,Other,3000,530,612,641,674,622,530
0,1,500,26142,0,450,0,40641.40422,5,1,10,92.17,500,5,92.17,57350,1,0,0,1,0,0,0,0,0,0,1,0,Bills (Auto),1000,529,518,543,652,583,518
1,1,800,24627,1,1600,1,40634.56703,3,1,3,284.69,500,3,284.69,84057,1,0,1,0,0,1,0,0,0,0,1,1,Bills (Medical),6000,538,580,607,685,628,538
0,1,800,18853,1,0,0,40634.60707,8,1,8,231.76,800,8,231.76,84405,1,0,1,0,0,0,1,0,0,1,0,0,Bills (Medical),790,808,624,668,723,636,624
1,1,500,22323,0,350,1,40634.64988,6,1,13,77.39,500,6,77.39,57107,1,0,1,0,0,1,0,0,0,0,1,1,Pay off loans / overdrawn acct,2200,431,629,658,705,642,431
1,1,800,21177,1,400,1,40634.72514,8,1,12,84.03,500,6,84.03,84104,1,0,0,1,0,1,0,0,1,0,0,0,Other,2400,499,536,576,669,605,499
1,1,300,20363,1,500,0,40634.8602,8,1,8,86.91,300,8,86.91,84119,1,0,1,0,0,0,1,0,0,0,1,0,Bills (General),1600,491,610,704,747,606,491
1,1,500,25137,0,875,1,40635.40464,5,1,10,94.7,500,5,94.7,84121,1,0,1,0,0,1,0,0,0,0,1,0,Bills (General),3550,569,562,622,693,611,562
0,1,500,32561,1,700,1,40635.50963,5,1,10,92.17,500,5,92.17,57719,1,0,0,0,1,1,0,0,1,0,0,0,Bills (General),2336,523,636,649,715,600,523
1,1,800,21880,1,750,1,40635.57953,8,1,8,231.76,800,8,231.76,83687,1,0,0,1,0,1,0,0,0,0,1,0,Bills (General),2486,528,579,634,667,610,528
1,1,400,28513,1,525,1,40635.64303,6,1,6,137.4,400,6,137.4,84660,1,0,1,0,0,0,0,0,0,0,1,0,Other,4254,718,581,608,626,600,581
1,1,500,23868,1,350,1,40635.7325,4,1,8,110.97,500,4,110.97,84528,1,0,1,0,0,1,0,0,1,0,0,0,Bills (General),1000,297,543,573,680,610,297
1,1,500,19084,0,3018,1,40638.57595,4,1,8,110.97,500,4,110.97,57268,1,0,1,0,0,1,0,0,1,0,0,0,Other,9666,616,650,675,733,647,616
0,1,300,31257,1,525,1,40638.64198,3,1,6,81.6,300,3,81.6,83704,1,0,1,0,0,1,0,0,0,0,1,0,Other,2400,713,541,558,584,575,541
0,1,500,22112,0,650,0,40639.37572,5,0,10,92.17,500,5,92.17,84098,0,0,0,0,0,0,0,0,0,0,0,0,Bills (Auto),2200,560,517,526,623,576,517
1,1,600,26046,1,800,1,40639.41179,5,1,10,92.17,500,5,92.17,84029,0,0,1,0,0,1,0,0,0,1,0,1,Bills (General),1600,765,555,555,602,569,555
0,1,800,26016,1,750,1,40639.50646,5,1,10,92.17,500,5,92.17,84098,1,0,1,0,0,0,1,0,1,0,0,1,Bills (Medical),3566,512,558,556,680,609,512
1,1,700,27936,1,795,1,40641.40444,5,1,10,92.17,500,5,92.17,84047,1,0,1,0,0,0,1,0,0,1,0,0,Bills (Auto),1000,530,539,564,675,601,530
0,1,600,28383,1,200,1,40641.41637,6,1,13,77.39,500,6,77.39,84015,1,0,0,1,0,0,1,0,0,0,1,0,Bills (General),700,538,562,603,622,598,538
0,1,500,30525,1,0,1,40640.82677,6,1,12,84.03,500,6,84.03,84123,1,0,0,0,1,1,0,0,1,0,0,1,Other,2000,655,616,659,704,611,611
0,1,500,27181,1,800,1,40644.35207,5,1,10,94.7,500,5,94.7,84095,1,0,0,0,0,1,0,0,1,0,0,0,Bills (Auto),3500,556,547,563,672,585,547
1,1,300,18571,1,250,0,40644.60622,5,1,5,116.34,300,5,116.34,84754,1,0,0,1,0,1,0,0,0,1,0,1,Bills (General),782,572,577,604,647,577,572
1,1,500,12671,0,0,1,40644.69163,5,1,5,193.91,500,5,193.91,84601,1,0,1,0,0,1,0,0,0,1,0,1,Bills (General),2419,660,701,738,789,641,641
1,1,700,21411,1,443,1,40645.40101,8,1,6,171.75,500,6,171.75,83703,1,0,0,0,1,1,0,0,0,0,1,0,Bills (Home / Utilities),1368,460,543,568,680,596,460
1,1,400,19007,1,500,1,40645.49279,5,1,5,155.12,400,5,155.12,84095,1,0,0,1,0,0,0,0,0,0,1,0,Bills (Medical),2800,573,619,654,711,623,573
1,1,300,25506,1,1395,1,40641.69959,5,1,10,55.3,300,5,55.3,84118,1,0,0,0,1,1,0,0,0,0,1,0,Bills (General),3000,597,566,559,667,608,559
1,1,800,22697,0,1600,1,40647.69443,5,1,10,151.51,800,5,151.51,84032,1,0,1,0,0,1,0,0,0,0,1,0,Bills (General),2600,597,620,665,705,646,597
0,1,500,24133,1,600,1,40647.69522,5,1,10,92.17,500,5,92.17,84770,1,0,0,1,0,0,0,1,0,0,1,0,Bills (General),1800,514,570,591,581,601,514
1,1,500,18853,1,0,1,40648.34473,5,1,10,94.7,500,5,94.7,83301,1,0,0,0,1,0,0,1,0,0,1,0,Gifts / Leisure,4000,460,573,633,678,602,460
0,1,500,26595,1,1200,1,40648.43604,5,1,5,193.91,500,5,193.91,84062,1,0,0,0,1,1,0,0,0,1,0,0,Bills (Medical),5000,550,614,667,692,640,550
1,1,500,26276,1,0,1,40648.54912,5,1,5,193.91,500,5,193.91,83211,1,0,0,1,0,0,0,0,0,1,0,0,Other,1058,541,546,627,656,596,541
0,1,500,32490,1,0,1,40641.74659,5,1,10,92.17,500,5,92.17,84106,1,0,1,0,0,0,0,1,1,0,0,0,Bills (General),1500,548,640,674,727,589,548
1,1,800,17877,0,2140,1,40642.45806,5,1,5,193.91,500,5,193.91,83704,1,0,1,0,0,0,0,1,1,0,0,1,Bills (Auto),5965,543,572,581,680,619,543
1,1,800,22839,1,650,1,40643.39694,8,1,16,113.77,800,8,113.77,84070,1,0,0,0,0,0,0,0,1,0,0,1,Gifts / Leisure,1600,670,563,554,680,622,554
0,1,500,25787,1,1300,1,40643.74705,5,1,10,92.17,500,5,92.17,57108,1,0,1,0,0,1,0,0,1,0,0,0,Bills (Auto),2400,762,565,614,645,607,565
1,1,500,22474,0,500,1,40643.83532,5,1,5,193.91,500,5,193.91,83350,1,0,0,1,0,0,0,0,0,0,1,0,Other,1800,492,581,644,677,615,492
0,1,800,26153,0,1300,1,40643.88587,8,1,13,77.39,500,6,77.39,84095,1,0,1,0,0,1,0,0,0,1,0,1,Bills (General),18500,639,514,503,649,562,503
0,1,600,26079,1,0,1,40643.9169,8,1,8,173.82,600,8,173.82,84414,1,0,0,1,0,1,0,0,0,0,1,0,Bills (Medical),3429,734,602,650,693,626,602
0,1,500,26551,0,627,1,40649.42567,5,1,5,193.91,500,5,193.91,57201,1,0,1,0,0,1,0,0,0,1,0,0,Other,3600,252,604,639,660,618,252
0,1,800,18696,1,450,1,40649.45468,6,1,13,77.39,500,6,77.39,83642,1,0,1,0,0,1,0,0,1,0,0,0,Bills (Medical),1050,598,530,532,658,587,530
0,1,500,25906,1,400,1,40649.4885,5,1,10,92.17,500,5,92.17,84118,1,0,0,1,0,0,0,0,1,0,0,1,Other,1600,290,512,569,622,593,290
1,1,700,19361,1,350,1,40649.55866,8,1,6,171.75,500,6,171.75,84067,1,0,1,0,0,0,0,0,0,0,1,0,Other,1091,492,566,629,648,610,492
1,1,800,19218,0,500,1,40649.70706,8,1,12,84.03,500,6,84.03,84058,1,0,1,0,0,0,1,0,1,0,0,0,Bills (Medical),2400,732,579,590,680,613,579
0,1,800,20730,1,750,0,40644.29925,8,1,17,105.88,800,8,105.88,83854,1,0,1,0,0,0,1,0,0,1,0,0,Bills (Home / Utilities),1492,574,591,637,668,629,574
0,1,500,24355,0,650,1,40646.43146,8,1,6,171.75,500,6,171.75,83706,1,0,1,0,0,0,1,0,0,0,1,0,Bills (Auto),1800,521,517,554,596,585,517
1,1,600,19981,0,600,1,40646.52649,6,1,6,171.75,500,6,171.75,84041,1,0,1,0,0,1,0,0,1,0,0,1,Bills (General),1200,576,602,643,640,614,576
1,1,300,13648,1,350,1,40646.55861,8,1,6,103.05,300,6,103.05,84111,1,0,0,1,0,1,0,0,0,0,1,0,Bills (General),1213,596,554,560,652,610,554
1,1,500,32914,0,595,0,40646.62126,5,1,10,92.17,500,5,92.17,83440,1,0,1,0,0,0,0,0,1,0,0,0,Bills (General),3000,677,631,649,699,594,594
0,1,800,32285,0,0,1,40646.62477,8,1,6,171.75,500,6,171.75,83646,1,0,1,0,0,1,0,0,1,0,0,1,Other,1500,548,517,537,594,583,517
0,1,800,18769,1,120,1,40644.42231,8,1,6,171.75,500,6,171.75,83623,1,0,1,0,0,0,1,0,0,0,1,0,Bills (General),1194,493,603,687,717,591,493
0,1,500,24326,1,1803,0,40645.26175,6,1,6,171.75,500,6,171.75,57049,0,1,1,0,0,0,0,0,0,0,1,0,Other,4175,765,555,585,680,605,555
1,1,700,15021,0,540,1,40645.5941,5,1,5,193.91,500,5,193.91,84074,0,0,1,0,0,1,0,0,1,0,0,1,Other,1664,50,568,566,669,613,50
0,1,800,19561,1,400,0,40645.76279,8,1,12,84.03,500,6,84.03,84302,1,0,0,0,1,0,0,1,0,1,0,0,School,2830,661,581,629,656,611,581
0,1,600,25217,1,0,1,40646.67808,8,1,6,171.75,500,6,171.75,83617,1,0,0,1,0,1,0,0,0,0,1,0,Bills (Auto),727,454,538,554,663,606,454
0,2,800,28054,1,1075,0,40531.70016,8,1,13,77.39,500,6,67.57,84043,1,0,0,0,1,0,1,0,1,0,0,0,Other,3450,297,610,654,693,629,297
1,1,800,29432,1,0,1,40647.29954,6,1,13,77.39,500,6,77.39,84044,0,1,0,0,0,1,0,0,1,0,0,1,Bills (General),1700,567,548,556,661,579,548
0,1,400,21517,1,350,1,40647.12944,8,1,13,61.91,400,6,61.91,84119,1,0,0,1,0,1,0,0,1,0,0,1,Bills (Medical),1800,513,536,569,633,578,513
0,1,800,30401,1,700,1,40647.43674,8,1,13,77.39,500,6,77.39,83651,1,0,0,1,0,0,1,0,0,0,1,1,Bills (General),2240,576,599,614,594,581,576
0,1,400,14981,1,550,0,40647.6434,8,1,8,115.88,400,8,115.88,83704,1,0,1,0,0,0,0,0,1,0,0,1,Bills (General),2289,614,551,592,680,615,551
1,1,800,18874,0,0,1,40647.67336,5,1,10,151.51,800,5,151.51,84120,1,0,1,0,0,1,0,0,1,0,0,0,Bills (Auto),1340,638,521,547,680,572,521
0,1,800,21946,0,1200,1,40647.67568,8,1,12,84.03,500,6,84.03,84054,1,0,1,0,0,0,1,0,1,0,0,0,Bills (General),5400,546,621,613,631,617,546
1,1,800,21824,1,590,1,40647.35391,5,1,5,193.91,500,5,193.91,83660,1,0,0,0,0,0,0,0,1,0,0,1,Bills (Medical),2500,716,515,524,634,581,515
1,1,500,28181,0,400,1,40647.36295,5,1,5,193.91,500,5,193.91,83687,1,0,1,0,0,1,0,0,0,1,0,0,Bills (General),1750,523,552,590,586,569,523
0,1,700,22913,1,578,1,40647.46191,3,1,3,284.69,500,3,284.69,84624,0,0,1,0,0,0,0,0,1,0,0,1,Bills (Medical),2700,243,574,620,630,623,243
1,1,500,28712,1,900,1,40647.50356,8,1,8,144.85,500,8,144.85,84128,1,0,0,0,1,1,0,0,0,0,1,1,0,5200,663,712,721,761,627,627
1,1,800,27905,1,900,1,40650.47531,8,1,13,77.39,500,6,77.39,84029,1,0,1,0,0,0,1,0,0,0,1,0,Bills (Home / Utilities),3626,573,543,556,657,588,543
1,2,800,26086,1,650,0,40596.06072,8,1,6,171.75,500,6,171.75,83843,1,0,0,1,0,0,0,0,0,0,1,1,Bills,2813,297,584,652,695,634,297
0,1,500,22076,1,650,0,40650.50432,5,1,10,94.7,500,5,94.7,83858,1,0,0,0,1,0,0,0,0,0,1,1,Bills (General),1800,329,571,616,650,618,329
1,1,600,20946,1,375,1,40650.88598,5,1,10,92.17,500,5,92.17,83318,1,0,1,0,0,1,0,0,1,0,0,1,Bills (General),960,583,525,567,680,604,525
0,1,500,25076,0,490,1,40649.77596,5,1,10,92.17,500,5,92.17,57719,1,0,1,0,0,0,0,1,0,1,0,1,Bills (Home / Utilities),1000,534,538,574,669,594,534
0,1,300,29874,1,0,1,40649.78175,3,1,6,83.09,300,3,83.09,84065,1,0,0,0,0,0,0,0,0,1,0,0,Other,1600,616,583,591,680,622,583
1,1,800,16867,0,529,0,40649.90876,8,1,8,231.76,800,8,231.76,84116,1,0,0,1,0,0,0,0,1,0,0,0,Other,2050,583,612,649,659,628,583
1,2,300,21921,1,865,1,40474.82799,4,1,4,136.6,300,4,0,84404,1,0,0,0,1,0,0,1,1,0,0,0,Other,3200,486,580,627,659,627,486
1,2,500,29380,0,190,0,40481.49573,6,1,13,77.39,500,6,0,84321,1,0,1,0,0,1,0,0,1,0,0,1,Other,1200,712,585,663,711,603,585
1,2,500,27479,0,1142,1,40532.49542,5,1,21,44.01,500,5,39.37,84660,1,0,1,0,0,1,0,0,1,0,0,1,Other,2400,681,610,661,656,633,610
1,2,800,28466,0,889,0,40484.84515,6,0,12,84.03,500,6,73.34,84015,0,0,0,0,0,0,0,0,0,0,0,0,Other,2580,602,559,606,652,606,559
0,2,600,18685,0,500,0,40526.82022,8,0,13,77.39,500,6,67.57,84043,0,0,0,0,0,0,0,0,0,0,0,0,Other,2400,660,581,591,680,617,581
1,2,800,30789,1,350,1,40534.5344,8,1,17,105.88,800,8,89.57,84604,1,0,0,0,1,0,0,0,0,0,1,0,Other,770,765,541,554,625,565,541
1,2,500,26276,1,450,1,40527.5256,8,1,12,84.03,500,6,73.34,84123,1,0,0,1,0,1,0,0,1,0,0,1,Other,2328,573,612,649,682,618,573
1,2,400,31337,0,670,0,40583.64677,3,0,6,108.8,400,3,108.8,84116,0,0,0,0,0,0,0,0,0,0,0,0,Bills,1260,539,527,553,648,583,527
1,2,300,26067,0,600,0,40529.21,5,0,10,55.3,300,5,49.55,84047,0,0,0,0,0,0,0,0,0,0,0,0,Other,1800,555,511,514,634,579,511
1,2,400,31714,0,897,0,40567.40513,3,0,6,110.78,400,3,110.78,84414,0,0,0,0,0,0,0,0,0,0,0,0,Other,4400,754,608,640,686,623,608
1,2,300,11393,0,0,0,40532.44976,5,0,5,116.34,300,5,102.88,84120,0,0,0,0,0,0,0,0,0,0,0,0,Other,1327,621,587,607,680,636,587
